Ticket ID,Agent,Route,Refund Amount (INR),Request Date,Last Updated,Status,Handled By,Channel,Notes
RF-1286,Sunrise Trips,DEL-KTM,10200,25-05-2026,31-05-2026,Closed,Aditi M.,WhatsApp,"refund processed, informed agent"
RF-1757,Wander Agency,COK-DXB,22900,09-06-2026,28-06-2026,Closed,Faizan K.,Phone,"refund processed, informed agent"
RF-1580,Skyline Travels,DEL-KUL,34300,10-02-2026,18-02-2026,Closed,Vikram T.,Email,customer notified
RF-1090,ZipTrip,PNQ-DEL,10300,26-03-2026,05-04-2026,Closed,,Portal,"refund processed, informed agent"
RF-1295,Metro Yatra,BOM-DXB,28800,16-02-2026,19-02-2026,Closed,Aditi M.,Phone,refund given
RF-1148,Skyline Travels,COK-DXB,16500,30/05/26,09-06-2026,Closed,Faizan K.,Portal,closed - agent informed
RF-1570,Skyline Travels,BLR-DXB,23600,18-06-2026,20-06-2026,Closed,Rakesh N.,WhatsApp,customer notified
RF 1750,BlueJet Tours,DEL-CCU,12900,07-02-2026,17-02-2026,Closed,Aditi M.,Phone,amount credited as per process
RF-1018,Voyage Desk,BOM-DXB,14500,10-05-2026,10-05-2026,Closed,Faizan K.,Portal,refund given
RF-1595,Metro Yatra,GOI-BOM,4000,18-03-2026,24-03-2026,Closed,Rakesh N.,Phone,amount credited as per process
RF-1386,TripHub,HYD-DEL,8000,25-04-2026,03-05-2026,Closed,Rakesh N.,Portal,refund given
RF-1252,TripHub,DEL-KUL,21100,18-05-2026,05-06-2026,Closed,Priya S.,Phone,amount credited as per process
RF-1775,Sunrise Trips,DEL-CCU,9400,19/03/26,31-03-2026,Closed,Aditi M.,Portal,done
RF-1725,GoFly Holidays,MAA-CMB,16700,31-03-2026,08-04-2026,Closed,Rakesh N.,Phone,customer notified
RF-1851,Voyage Desk,BLR-DXB,30500,17-04-2026,26-04-2026,Closed,Aditi M.,Email,"refund processed, informed agent"
RF-1365,ZipTrip,BLR-DXB,13900,02-03-2026,11-03-2026,Closed,Vikram T.,Portal,done
RF-1256,Peak Journeys,BOM-DXB,13200,18-04-2026,23-04-2026,Closed,Aditi M.,Email,refund given
RF-1298,GoFly Holidays,MAA-CMB,15400,06-06-2026,13-06-2026,Closed,Sneha R.,Portal,amount credited as per process
RF-1627,Wander Agency,CCU-BOM,8400,14-06-2026,15-06-2026,Closed,Priya S.,Portal,"refund processed, informed agent"
RF-1096,GoFly Holidays,BOM-DXB,24200,13-02-2026,25-02-2026,Closed,Aditi M.,Email,done
RF-1561,Nomad Travel,GOI-BOM,9100,19-04-2026,26-04-2026,Closed,Vikram T.,Phone,amount credited as per process
RF-1351,TripHub,HYD-BKK,31100,08-04-2026,12-04-2026,Closed,Rakesh N.,Phone,done
RF-1405,Global Wings,GOI-BOM,4900,06-02-2026,10-02-2026,Closed,Priya S.,Portal,"refund processed, informed agent"
RF-1706,BlueJet Tours,DEL-SIN,36700,28-02-2026,08-03-2026,Closed,Sneha R.,Portal,"refund processed, informed agent"
RF-1215,Orbit Travels,DEL-BOM,7500,29-03-2026,07/04/26,Closed,Vikram T.,Portal,amount credited as per process
RF-1067,GoFly Holidays,DEL-DXB,16900,07-06-2026,08-06-2026,Closed,Rakesh N.,Portal,customer notified
RF-1199,Nomad Travel,BOM-DXB,24700,13-05-2026,14-05-2026,Closed,Priya S.,Portal,refund given
RF-1486,Peak Journeys,DEL-DXB,31200,17-04-2026,27-04-2026,Closed,Aditi M.,WhatsApp,customer notified
RF-1676,Pinnacle Getaways,COK-DXB,19400,08-02-2026,17-02-2026,Not Eligible,Vikram T.,Email,past cancellation window
RF-1760,Sunrise Trips,DEL-KTM,12000,26-04-2026,03-05-2026,Closed,Vikram T.,Email,done
RF-1545,Coral Voyages,BOM-DXB,19000,24-02-2026,01-03-2026,Closed,Rakesh N.,Portal,done
RF-1232,GoFly Holidays,DEL-KTM,8800,22-04-2026,30-04-2026,Working,Faizan K.,WhatsApp,customer notified
RF-1594,TripHub,DEL-BOM,6800,10-05-2026,18-05-2026,Closed,Rakesh N.,Phone,amount credited as per process
RF-1265,Lotus Travel Co,HYD-DEL,7500,10-05-2026,20/05/26,Closed,Priya S.,Portal,closed - agent informed
RF-1729,TripHub,HYD-DEL,11100,21-04-2026,24-04-2026,Closed,Faizan K.,Phone,done
RF-1665,Himalaya Holidays,DEL-KUL,14000,17-03-2026,23-03-2026,Closed,Priya S.,Portal,customer notified
RF-1606,BlueJet Tours,DEL-KUL,32500,10-03-2026,20-03-2026,Closed  ,Faizan K.,Portal,"refund processed, informed agent"
RF-1175, Orbit Travels,DEL-KTM,16600,12-05-2026,19-05-2026,Closed,Priya S.,Portal,customer notified
RF-1836,Peak Journeys,COK-DXB,24100,12-03-2026,22-03-2026,Closed,Aditi M.,Phone,"refund processed, informed agent"
RF-1135,Orbit Travels,CCU-BOM,12500,02-03-2026,07-03-2026,Closed,Rakesh N.,Email,closed - agent informed
RF-1495,TripHub,BOM-BKK,28900,22-03-2026,27-03-2026,Closed,Sneha R.,Portal,amount credited as per process
RF-1791,TripHub,BLR-DXB,19100,25-06-2026,30-06-2026,Closed,Sneha R.,Portal,"refund processed, informed agent"
RF-1527,Wander Agency,DEL-CCU,12300,17-04-2026,26-04-2026,Closed,Faizan K.,Phone,informed agent
RF-1786,Peak Journeys,HYD-DEL,7300,15-02-2026,21-02-2026,Closed,Rakesh N.,Phone,refund given
RF-1112,Metro Yatra,MAA-CMB,10100,29-04-2026,05-05-2026,Closed,Aditi M.,Portal,refund given
RF-1160,GoFly Holidays,BLR-DXB,14000,05-05-2026,13-05-2026,Closed,Vikram T.,Email,refund given
RF-1688,Voyage Desk,HYD-DEL,8300,27-03-2026,03-04-2026,Closed,Aditi M.,Portal,done
RF-1164,Sunrise Trips,DEL-BOM,10700,28-02-2026,09-03-2026,Closed,Priya S.,Portal,done
RF-1743,Global Wings,HYD-DEL,11700,27-04-2026,04-05-2026,Closed,Aditi M.,Portal,amount credited as per process
RF-1186,TripHub,DEL-KUL,31800,27-02-2026,07-03-2026,Closed,Vikram T.,WhatsApp,customer notified
RF-1522,Nomad Travel,MAA-CMB,13400,28-02-2026,06-03-2026,Closed,Vikram T.,Email,amount credited as per process
RF-1086,GoFly Holidays,DEL-DXB,28200,11-03-2026,18-03-2026,Closed,Faizan K.,Email,refund given
RF-1127,Voyage Desk ,BOM-DXB,16300,09/02/26,15-02-2026,Closed,Sneha R.,Portal,customer notified
RF-1068,Nomad Travel,DEL-SIN,19500,16-05-2026,27-05-2026,Closed,Priya S.,Phone,customer notified
RF-1280, ZipTrip,DEL-BOM,9200,30-06-2026,30-06-2026,Escalated,Vikram T.,Email,pending confirmation
RF-1539,Nomad Travel,BLR-MAA,6100,22-04-2026,30-04-2026,Closed,Priya S.,Portal,refund given
RF-1316,BlueJet Tours,DEL-CCU,7700,04/02/26,12-02-2026,Closed,Priya S.,Portal,closed - agent informed
RF-1472,Sunrise Trips,BLR-DXB,28300,23/03/26,04-04-2026,Closed,Aditi M.,Portal,amount credited as per process
RF-1069,Peak Journeys,BLR-DXB,22200,01-04-2026,11-04-2026,Closed,Vikram T.,Portal,"refund processed, informed agent"
RF-1746,DeccanFly,BLR-DXB,24900,20-05-2026,05-06-2026,Closed,Aditi M.,Email,"refund processed, informed agent"
RF-1802,Orbit Travels,DEL-SIN,40500,11-02-2026,21-02-2026,Closed,Faizan K.,Portal,customer notified
RF-1262,Orbit Travels,DEL-CCU,5900,11-05-2026,20-05-2026,Closed,Rakesh N.,Phone,refund given
RF-1331,Wander Agency,GOI-BOM,,13-04-2026,24-04-2026,Closed,Rakesh N.,Portal,"refund processed, informed agent"
RF-1145,Peak Journeys,DEL-DXB,21300,10-06-2026,14-06-2026,Working,Rakesh N.,Phone,waiting on supplier
RF-1312,ORBIT TRAVELS,PNQ-DEL,5400,26-05-2026,29-05-2026,Closed,Faizan K.,Phone,done
RF-1040,Voyage Desk,DEL-BOM,6400,01-05-2026,04-05-2026,Closed,Rakesh N.,Portal,"refund processed, informed agent"
RF-1129,Global Wings,DEL-KTM,17600,27-06-2026,30-06-2026,Closed,Sneha R.,Phone,"refund processed, informed agent"
RF-1019,GoFly Holidays,DEL-KTM,13500,01-06-2026,10-06-2026,Closed,Rakesh N.,Portal,amount credited as per process
RF-1227,Peak Journeys,DEL-BOM,12300,18/06/26,30-06-2026,Closed,Faizan K.,Portal,"refund processed, informed agent"
RF-1764,Wander Agency,DEL-BOM,13400,29-06-2026,30-06-2026,Closed,Aditi M.,Phone,refund given
RF-1083,Wander Agency,BOM-BKK,33600,21-02-2026,01-03-2026,Closed,Priya S.,Email,refund given
RF-1021,Kaveri Tours,AMD-BOM,7000,02-03-2026,12-03-2026,Closed,Sneha R.,Phone,done
RF-1498,Kaveri Tours,DEL-KTM,14000,05-04-2026,09-04-2026,Closed,Rakesh N.,Portal,done
RF-1353,GoFly Holidays,AMD-BOM,8700,11/02/26,14/02/26,Closed,Priya S.,Portal,refund given
RF-1826,Pinnacle Getaways,DEL-CCU,8000,27-03-2026,31-03-2026,Closed,Rakesh N.,Phone,"refund processed, informed agent"
RF-1414,TripHub,BLR-DXB,28500,16-03-2026,24-03-2026,Closed,Rakesh N.,WhatsApp,closed - agent informed
RF-1426,Peak Journeys,BOM-BKK,13000,25/02/26,05-03-2026,Closed,Rakesh N.,Portal,"refund processed, informed agent"
RF-1668,Peak Journeys,DEL-CCU,5000,11-06-2026,13-06-2026,Closed,Rakesh N.,Portal,customer notified
RF-1356,Skyline Travels,BOM-BKK,25200,18-03-2026,24-03-2026,Closed,Sneha R.,Portal,"refund processed, informed agent"
RF-1045,GoFly Holidays,CCU-BOM,10900,19-02-2026,26-02-2026,Closed,Faizan K.,Phone,"refund processed, informed agent"
RF-1327,Sunrise Trips,BOM-DXB,,26-02-2026,02-03-2026,Closed,Rakesh N.,Phone,customer notified
RF-1124,GoFly Holidays,HYD-DEL,11900,24-03-2026,31-03-2026,Closed,Priya S.,Phone,refund given
RF-1629,BlueJet Tours,DEL-BOM,12500,06-02-2026,12-02-2026,Closed,Faizan K.,,customer notified
RF-1062,DeccanFly,DEL-BOM,,16-05-2026,19-05-2026,Not Eligible,Priya S.,Phone,"no-show, not eligible"
rf-1650,BlueJet Tours,DEL-CCU,4200,06-04-2026,11-04-2026,Closed,Sneha R.,Portal,"refund processed, informed agent"
RF-1156,Peak Journeys,DEL-DXB,26200,12-03-2026,20-03-2026,Closed,Aditi M.,Portal,refund given
RF-1624,Wander Agency,HYD-BKK,13500,28-05-2026,07-06-2026,Closed,Aditi M.,WhatsApp,amount credited as per process
RF-1376,Anand Travels,HYD-DEL,12300,05-03-2026,16-03-2026,Not Eligible,Faizan K.,Portal,"no-show, not eligible"
RF-1514,Lotus Travel Co,DEL-DXB,31000,16-03-2026,23-03-2026,Closed,Sneha R.,Portal,done
RF-1069,Peak Journeys,BLR-DXB,22200,01-04-2026,11-04-2026,Closed,Vikram T.,Portal,"refund processed, informed agent"
RF-1596,Peak Journeys,DEL-BOM,6000,01-03-2026,09-03-2026,Closed,Faizan K.,Portal,done
RF-1850,ORBIT TRAVELS,BOM-BKK,32500,01-04-2026,11-04-2026,Closed,Sneha R.,Portal,closed - agent informed
RF-1555,Global Wings,HYD-DEL,12300,19-05-2026,26-05-2026,Closed,Rakesh N.,Portal,done
RF-1461,Skyline Travels,DEL-BOM,13200,27-06-2026,30-06-2026,Escalated,Aditi M.,Portal,under review
RF-1502,DeccanFly,DEL-DXB,22500,02-03-2026,06-03-2026,Closed,Sneha R.,Phone,amount credited as per process
RF-1616,Skyline Travels,COK-DXB,11700,30-03-2026,08-04-2026,Closed,Rakesh N.,Portal,closed - agent informed
RF-1362,SafarNama Travel,BLR-DXB,31400,05/04/26,13-04-2026,Closed,Faizan K.,Email,customer notified
RF-1500,Wander Agency,HYD-BKK,19900,03-05-2026,16-05-2026,Closed,Priya S.,Phone,closed - agent informed
RF-1126,METRO YATRA,GOI-BOM,3900,24-02-2026,05-03-2026,Closed,Faizan K.,Portal,refund given
RF-1759,Voyage Desk,DEL-CCU,12000,25-02-2026,01-03-2026,Closed,Vikram T.,Portal,customer notified
RF-1194,Metro Yatra,BOM-DXB,18300,07-02-2026,12-02-2026,Closed,Priya S.,,amount credited as per process
RF-1598,Voyage Desk,DEL-KUL,23300,20-05-2026,09-06-2026,Closed,Vikram T.,Portal,refund given
RF-1373,BlueJet Tours,DEL-KUL,13300,09-03-2026,17-03-2026,Not Eligible,Priya S.,Phone,non-refundable fare
RF-1315,Kaveri Tours,BOM-DXB,24600,19-06-2026,30-06-2026,Escalated,Rakesh N.,WhatsApp,pending confirmation
RF-1487,Yatri Junction,COK-DXB,28000,29-04-2026,07-05-2026,Closed,Aditi M.,Portal,refund given
RF-1825,Wander Agency,BLR-MAA,8000,17-02-2026,21-02-2026,Closed,,Portal,closed - agent informed
RF-1449,Voyage Desk,BOM-DXB,14400,02-03-2026,13-03-2026,Closed,Aditi M.,Email,amount credited as per process
RF-1742,BlueJet Tours,DEL-BOM,8600,20-03-2026,28-03-2026,Closed,Faizan K.,Portal,amount credited as per process
RF-1667,Nomad Travel,GOI-BOM,6400,15-05-2026,20-05-2026,Closed,Rakesh N.,Portal,refund given
RF-1384,BlueJet Tours,BLR-DXB,28900,07-02-2026,14-02-2026,Closed,Sneha R.,Portal,"refund processed, informed agent"
RF-1014,Global Wings,BLR-MAA,4100,24-03-2026,31-03-2026,Closed,Aditi M.,Portal,closed - agent informed
RF-1346,Nomad Travel,HYD-DEL,13000,25-03-2026,29-03-2026,Closed,Aditi M.,Email,amount credited as per process
RF-1762,BlueJet Tours,DEL-DXB,23000,19-03-2026,26-03-2026,Not Eligible,Faizan K.,Portal,"no-show, not eligible"
RF-1431,GoFly Holidays,DEL-CCU,12300,25-03-2026,01-04-2026,Closed,Sneha R.,Phone,amount credited as per process
RF-1619,GoFly Holidays,HYD-BKK,26200,06-03-2026,12-03-2026,Closed,Faizan K.,Portal,closed as per policy
RF-1454,Pinnacle Getaways,DEL-KUL,24300,25-02-2026,08-03-2026,Closed,Rakesh N.,Portal,done
RF-1097,TripHub,BLR-DXB,22200,01-04-2026,09-04-2026,Closed,Rakesh N.,Portal,refund given
RF-1181,Pinnacle Getaways,GOI-BOM,8800,05-06-2026,14-06-2026,Closed,Priya S.,Portal,amount credited as per process
RF-1242,BlueJet Tours,DEL-DXB,12900,04-03-2026,10-03-2026,Closed,Faizan K.,Phone,"refund processed, informed agent"
RF-1463,DeccanFly,DEL-BOM,9000,28-06-2026,30-06-2026,Working,Faizan K.,Portal,pending confirmation
RF-1417,Orbit Travels,PNQ-DEL,4100,26/05/26,02-06-2026,Closed,Priya S.,Email,done
RF-1796,Skyline Travels,DEL-BOM,5100,24-05-2026,30-05-2026,Closed,Aditi M.,Email,amount credited as per process
RF-1199,Nomad Travel,BOM-DXB,24700,13-05-2026,14-05-2026,Closed,Priya S.,Portal,refund given
RF-1666,TripHub,DEL-KTM,18700,02-03-2026,10-03-2026,Closed,Rakesh N.,Email,amount credited as per process
RF-1571,Orbit Travels,BLR-MAA,8000,21/04/26,28-04-2026,Closed,Priya S.,Email,refund given
RF-1492,Skyline Travels,BOM-BKK,,16-04-2026,27-04-2026,Closed,Sneha R.,Email,amount credited as per process
RF-1429,Lotus Travel Co,MAA-CMB,12500,29-04-2026,08-05-2026,Closed,Faizan K.,Portal,"refund processed, informed agent"
RF-1707,coral voyages,BLR-DXB,26400,11-05-2026,30-05-2026,Closed  ,Aditi M.,Portal,closed - agent informed
RF-1843,GoFly Holidays,BOM-DXB,24900,04-05-2026,20-05-2026,Closed,Priya S.,,done
RF-1800,Anand Travels,DEL-KUL,24800,30-03-2026,01-04-2026,Closed,Aditi M.,Portal,customer notified
RF-1711,TripHub,DEL-DXB,13600,14-03-2026,22-03-2026,Closed,Sneha R.,Phone,customer notified
RF-1149,BlueJet Tours,BOM-BKK,23900,03-04-2026,09-04-2026,Closed,Aditi M.,Portal,done
RF-1716,Lotus Travel Co,BOM-DXB,14200,24-05-2026,25-05-2026,Closed,Rakesh N.,Portal,customer notified
RF-1488,Peak Journeys,DEL-CCU,8800,18/05/26,29-05-2026,Closed,Sneha R.,Portal,closed - agent informed
RF-1176,DeccanFly,DEL-SIN,20000,06-03-2026,11-03-2026,Closed,Priya S.,Portal,closed - agent informed
RF-1798,gofly holidays,DEL-BOM,4300,16-05-2026,27-05-2026,Closed,Sneha R.,Email,"refund processed, informed agent"
RF-1044,Pinnacle Getaways,COK-DXB,21400,27-04-2026,05-05-2026,Closed,Sneha R.,Email,refund given
RF-1647,Voyage Desk,HYD-DEL,6300,03-05-2026,12/05/26,Closed,Aditi M.,Portal,done
RF-1202,TripHub,BLR-MAA,7900,15-02-2026,25-02-2026,Closed,Rakesh N.,Portal,"refund processed, informed agent"
RF-1780,Wander Agency,HYD-BKK,12800,17/02/26,23-02-2026,Closed,Aditi M.,WhatsApp,customer notified
RF-1140,Kaveri Tours,COK-DXB,13100,24-02-2026,03-03-2026,Closed,Sneha R.,Email,done
RF-1670,SafarNama Travel,COK-DXB,22000,19-02-2026,25-02-2026,Closed,Rakesh N.,Portal,amount credited as per process
RF-1318,Kaveri Tours,HYD-DEL,11100,07-03-2026,12-03-2026,Closed,Priya S.,Portal,amount credited as per process
RF-1442,DeccanFly,MAA-CMB,14600,01-05-2026,09-05-2026,Closed,Faizan K.,Portal,amount credited as per process
RF-1319,Skyline Travels,GOI-BOM,6300,30-04-2026,08-05-2026,Closed,Aditi M.,Portal,"refund processed, informed agent"
RF-1613,Kaveri Tours,AMD-BOM,7100,24-06-2026,28-06-2026,Working,Sneha R.,Portal,waiting on supplier
RF-1075,Nomad Travel,DEL-BOM,12600,13-05-2026,14-05-2026,Closed,Priya S.,Email,customer notified
RF-1683,Skyline Travels,DEL-SIN,22100,14-02-2026,25-02-2026,Not Eligible,Vikram T.,Portal,past cancellation window
RF-1192,Yatri Junction,AMD-BOM,9600,03-05-2026,08-05-2026,Closed,Aditi M.,Email,customer notified
RF-1477,Orbit Travels,BLR-DXB,20800,22-06-2026,24-06-2026,Closed,Vikram T.,Portal,done
RF-1508,Metro Yatra,DEL-BOM,13700,21-04-2026,23-04-2026,Closed,Rakesh N.,Portal,customer notified
RF-1524,Orbit Travels,HYD-BKK,22900,21-04-2026,27-04-2026,Closed,Aditi M.,Phone,refund given
RF-1549,Peak Journeys,DEL-KTM,15400,07-06-2026,16-06-2026,Closed,Rakesh N.,Portal,"refund processed, informed agent"
RF-1694,Skyline Travels,BLR-MAA,6400,07-05-2026,15-05-2026,Closed,Priya S.,Portal,refund given
RF 1512,Metro Yatra ,CCU-BOM,7100,14-04-2026,19-04-2026,Closed,Priya S.,Portal,done
RF-1147,Global Wings,AMD-BOM,3700,21-03-2026,30-03-2026,Closed,Aditi M.,Portal,amount credited as per process
RF-1769,Anand Travels,DEL-DXB,10800,22-02-2026,03-03-2026,Closed,Faizan K.,Portal,refund given
RF-1304,Nomad Travel,DEL-KTM,9700,04-03-2026,11-03-2026,Closed,Rakesh N.,Portal,done
RF-1476,BlueJet Tours,PNQ-DEL,10800,24-05-2026,30-05-2026,Closed,Priya S.,Phone,done
RF-1841,Peak Journeys,BLR-MAA,9000,24-03-2026,29-03-2026,Closed,Priya S.,Portal,closed - agent informed
RF-1226,Orbit Travels,MAA-CMB,17300,31-05-2026,11-06-2026,Closed,Aditi M.,Phone,customer notified
RF-1422,Wander Agency,BOM-DXB,10200,18/05/26,26-05-2026,Closed,Faizan K.,Portal,amount credited as per process
RF-1273,triphub,PNQ-DEL,6500,13-05-2026,13-05-2026,Closed,Rakesh N.,Portal,done
RF-1198,GoFly Holidays,PNQ-DEL,10800,17/06/26,29-06-2026,Closed,Faizan K.,Email,"refund processed, informed agent"
RF-1184,Nomad Travel,COK-DXB,11000,10-03-2026,15-03-2026,Closed,Aditi M.,Portal,refund given
RF-1824,GoFly Holidays,BLR-DXB,16500,01-04-2026,08-04-2026,Closed,Priya S.,WhatsApp,customer notified
RF-1023,Peak Journeys,DEL-DXB,12900,11-05-2026,18-05-2026,Closed,Faizan K.,Email,done
RF-1379,BlueJet Tours,DEL-BOM,12000,04-03-2026,08-03-2026,Closed,Rakesh N.,Portal,customer notified
RF-1111,TripHub,HYD-BKK,30500,19-03-2026,29-03-2026,Closed,Faizan K.,Phone,closed - agent informed
RF-1597,Peak Journeys,DEL-CCU,7700,27-02-2026,27-02-2026,Closed,Priya S.,Email,customer notified
RF-1163,Metro Yatra,HYD-DEL,5100,07-03-2026,10-03-2026,Closed,Sneha R.,WhatsApp,refund given
RF-1397,Lotus Travel Co,DEL-KUL,13200,08-04-2026,17-04-2026,Closed,Rakesh N.,Portal,closed - agent informed
RF-1142,Himalaya  Holidays,BLR-DXB,18000,12-06-2026,23-06-2026,Closed,Vikram T.,WhatsApp,"refund processed, informed agent"
RF-1778,Skyline Travels,DEL-KUL,28700,02-06-2026,15-06-2026,Escalated,Aditi M.,Phone,under review
RF-1073,Peak Journeys,BLR-MAA,7500,10-06-2026,19-06-2026,Closed,Rakesh N.,Portal,customer notified
RF-1659,BlueJet Tours,DEL-KUL,18000,29-03-2026,05-04-2026,Closed,,Phone,refund given
RF-1306,Skyline Travels,HYD-DEL,8600,24-06-2026,30-06-2026,Escalated,Rakesh N.,Portal,pending confirmation
RF-1278,Kaveri Tours,BLR-DXB,10500,09-02-2026,18-02-2026,Closed,Vikram T.,Phone,amount credited as per process
RF-1013,Sunrise Trips,CCU-BOM,4600,21-03-2026,30-03-2026,Closed,Priya S.,Phone,done
RF-1333,Nomad Travel,DEL-SIN,40600,11-04-2026,19-04-2026,Closed,Vikram T.,Portal,customer notified
RF-1268,ZipTrip,DEL-CCU,11800,18-03-2026,26-03-2026,Closed,,Portal,"refund processed, informed agent"
RF-1302,Pinnacle Getaways,DEL-DXB,11300,17-05-2026,26-05-2026,Closed,Sneha R.,Phone,done
RF-1795,Kaveri Tours,DEL-DXB,12800,19-06-2026,30/06/26,Closed,,Portal,refund given
RF-1203,Peak Journeys,HYD-DEL,5500,31-05-2026,13-06-2026,Closed,Sneha R.,WhatsApp,customer notified
RF-1470,Kaveri Tours,DEL-CCU,8300,26-04-2026,03-05-2026,Closed,Rakesh N.,Portal,amount credited as per process
RF-1601,TripHub,DEL-DXB,30400,08-02-2026,15-02-2026,Closed,Priya S.,Portal,closed - agent informed
RF-1727,Anand Travels,BOM-DXB,30000,23-06-2026,25-06-2026,Closed,Rakesh N.,Portal,done
RF-1642,BlueJet Tours,BOM-DXB,16200,08-02-2026,14-02-2026,Closed,Aditi M.,Portal,closed - agent informed
RF-1587,Global Wings,BLR-MAA,10100,06-06-2026,14-06-2026,Closed,Vikram T.,Email,closed - agent informed
RF-1804,TripHub,BOM-DXB,30200,18-04-2026,24-04-2026,Closed,Aditi M.,Email,refund given
RF-1785,GoFly Holidays,BLR-DXB,17900,30-03-2026,09-04-2026,Closed  ,Rakesh N.,Portal,done
RF-1244,SKYLINE TRAVELS,DEL-CCU,11000,18-04-2026,24-04-2026,Closed,Sneha R.,Phone,closed - agent informed
RF-1714,Yatri Junction,DEL-KUL,22100,24-06-2026,28-06-2026,Working,Priya S.,Email,with finance team
RF-1740,BlueJet Tours,GOI-BOM,5400,24-04-2026,01-05-2026,Closed,Vikram T.,Portal,customer notified
RF-1464,Voyage  Desk,BLR-DXB,29500,02-02-2026,09-02-2026,Not Eligible,Vikram T.,Portal,past cancellation window
RF-1313,SafarNama Travel,HYD-BKK,18700,09-06-2026,18-06-2026,Closed,Faizan K.,Phone,done
RF-1323,Kaveri Tours,HYD-BKK,16100,02-06-2026,08-06-2026,Closed,Faizan K.,Email,done
RF-1006,DeccanFly,GOI-BOM,4500,07-02-2026,16-02-2026,Closed,Aditi M.,Email,refund given
RF-1681,BlueJet Tours,BLR-MAA,9800,25-02-2026,06-03-2026,Closed,Priya S.,,customer notified
RF-1754,Metro Yatra,DEL-CCU,4700,13-03-2026,23-03-2026,Closed,Faizan K.,Portal,customer notified
RF-1718,Nomad Travel,DEL-DXB,24600,02-03-2026,09-03-2026,Closed,Vikram T.,Portal,"refund processed, informed agent"
RF-1196,BlueJet Tours,DEL-DXB,30900,08-04-2026,17-04-2026,Closed,Rakesh N.,Portal,"refund processed, informed agent"
RF-1277,TripHub,DEL-KTM,11600,20-06-2026,28/06/26,Closed,Aditi M.,,"refund processed, informed agent"
RF-1282,Wander Agency,HYD-BKK,12400,05-05-2026,12-05-2026,Closed,Rakesh N.,Phone,amount credited as per process
RF-1657,Voyage Desk,DEL-KTM,11600,26-04-2026,30-04-2026,Closed,Priya S.,Phone,done
RF-1579,Skyline Travels,MAA-CMB,10700,24-04-2026,03-05-2026,Closed,Priya S.,Portal,"refund processed, informed agent"
RF-1767,Wander Agency,DEL-KUL,31800,26/04/26,03-05-2026,Closed,Rakesh N.,Phone,customer notified
RF-1603,Wander Agency,DEL-KUL,24500,04-03-2026,13-03-2026,Closed,Vikram T.,Phone,"refund processed, informed agent"
RF 1653,Himalaya Holidays,DEL-SIN,28300,07-02-2026,16-02-2026,Closed,Vikram T.,Phone,"refund processed, informed agent"
RF-1830,Pinnacle Getaways,DEL-BOM,10300,07-02-2026,16-02-2026,Closed,Aditi M.,Portal,done
RF-1130,GoFly Holidays,BLR-DXB,26100,05-05-2026,19-05-2026,Closed,Sneha R.,Email,done
RF-1856,Yatri Junction,BLR-DXB,28800,04/06/26,14-06-2026,Closed,Vikram T.,Portal,refund given
RF-1070,Lotus Travel Co,CCU-BOM,13700,15-05-2026,21-05-2026,Closed,Priya S.,WhatsApp,refund given
RF-1161,Nomad Travel,DEL-DXB,18700,18-05-2026,31-05-2026,Closed,Faizan K.,Email,refund given
RF-1689,Voyage Desk,BLR-DXB,32100,08-05-2026,03-06-2026,Closed,Sneha R.,Phone,closed - agent informed
RF-1791,TripHub,BLR-DXB,19600,25-06-2026,30-06-2026,Closed,Sneha R.,Portal,"refund processed, informed agent"
RF-1085,ZipTrip,DEL-KTM,16500,19-05-2026,20-05-2026,Closed,,Portal,done
RF-1059,BlueJet Tours,HYD-DEL,7000,28-03-2026,05-04-2026,Closed,Rakesh N.,Portal,closed - agent informed
RF-1581,Yatri Junction,COK-DXB,14300,03-02-2026,08-02-2026,Closed,Priya S.,Portal,amount credited as per process
RF-1640,Peak Journeys,CCU-BOM,11300,28-05-2026,02-06-2026,Closed,Sneha R.,Phone,done
RF-1218,Voyage Desk,DEL-DXB,26700,07-02-2026,19-02-2026,Closed,,Phone,done
RF-1853,Coral Voyages,PNQ-DEL,8400,06-03-2026,13-03-2026,Closed,Priya S.,Portal,"refund processed, informed agent"
RF-1810,BlueJet Tours,MAA-CMB,15100,20-05-2026,23-05-2026,Closed,Sneha R.,Portal,refund given
RF-1576,GoFly Holidays,DEL-BOM,10100,08-06-2026,17-06-2026,Closed,Priya S.,WhatsApp,amount credited as per process
RF-1106,BlueJet Tours,DEL-KTM,19000,22-06-2026,30-06-2026,Closed,Sneha R.,Email,done
RF-1031,GoFly Holidays,BLR-MAA,,11-03-2026,14-03-2026,Closed,Rakesh N.,Portal,refund given
RF-1104,GoFly Holidays,DEL-DXB,12700,24/05/26,04-06-2026,Closed,Priya S.,Portal,done
RF-1425,Yatri Junction,BLR-DXB,32000,24-02-2026,03-03-2026,Closed,Aditi M.,Email,done
RF-1618,Lotus Travel Co,BLR-DXB,16300,17-03-2026,21-03-2026,Closed,Faizan K.,Phone,refund given
RF-1343,Skyline Travels,CCU-BOM,10800,28-03-2026,04-04-2026,Closed,,Email,"refund processed, informed agent"
RF-1809,Metro Yatra,GOI-BOM,5200,10-06-2026,12-06-2026,Closed,Vikram T.,Email,customer notified
RF-1755,GoFly Holidays,DEL-DXB,10700,15-05-2026,20-05-2026,Closed,Vikram T.,Portal,refund given
RF-1248,Peak Journeys,MAA-CMB,13600,25-04-2026,04-05-2026,Closed,Aditi M.,Portal,amount credited as per process
RF-1496,Skyline Travels,BLR-DXB,25600,06-03-2026,11-03-2026,Closed,Priya S.,Phone,customer notified
RF-1180,Kaveri Tours,PNQ-DEL,11800,24-06-2026,30-06-2026,Working,Aditi M.,Portal,with finance team
RF-1617,Anand Travels,HYD-DEL,9300,06-03-2026,09-03-2026,Closed,Faizan K.,Phone,customer notified
RF-1279,Peak Journeys,BOM-DXB,22400,31-03-2026,05-04-2026,Closed,Rakesh N.,Portal,refund given
RF-1054,Kaveri Tours,DEL-DXB,15900,19-06-2026,26-06-2026,Closed,Rakesh N.,Portal,informed agent
RF-1434,Peak Journeys,DEL-KTM,12000,09-04-2026,11-04-2026,Closed,Vikram T.,Portal,"refund processed, informed agent"
RF-1797,GoFly Holidays,BOM-BKK,21100,19-03-2026,26-03-2026,Closed,Sneha R.,Portal,done
RF-1401,Metro Yatra,DEL-KUL,25000,11-06-2026,26-06-2026,Working,Priya S.,Portal,pending confirmation
RF-1237,TripHub,HYD-BKK,19800,06/05/26,17-05-2026,Closed,Sneha R.,Portal,done
RF-1138,GoFly Holidays,BLR-MAA,10500,09-03-2026,21-03-2026,Closed,Rakesh N.,Portal,"refund processed, informed agent"
RF-1116,Yatri Junction,BLR-DXB,24700,07-02-2026,15-02-2026,Closed,Rakesh N.,Portal,customer notified
RF-1133,Himalaya Holidays,DEL-CCU,9300,08-06-2026,13-06-2026,Closed,Faizan K.,Email,"refund processed, informed agent"
RF-1029,Skyline Travels,HYD-BKK,17100,03-03-2026,12-03-2026,Closed,Priya S.,Portal,"refund processed, informed agent"
rf-1276,Skyline Travels,CCU-BOM,11600,18-02-2026,24-02-2026,Closed,Faizan K.,Portal,closed - agent informed
RF-1839,TripHub,DEL-CCU,5800,28-03-2026,01-04-2026,Closed,Priya S.,Email,refund given
RF-1171,Nomad Travel,DEL-KUL,17200,21-04-2026,26-04-2026,Closed,Faizan K.,Portal,refund given
RF-1632,BlueJet Tours,HYD-BKK,27800,19-03-2026,25-03-2026,Closed,Rakesh N.,WhatsApp,closed - agent informed
RF-1849,BlueJet Tours,DEL-KUL,24900,10-02-2026,18-02-2026,Closed,Sneha R.,Portal,done
RF-1305,TripHub,BOM-BKK,28900,18-05-2026,11-06-2026,Closed,Sneha R.,Email,done
RF-1696,Peak Journeys,DEL-SIN,41100,02-06-2026,03-06-2026,Closed,Faizan K.,WhatsApp,"refund processed, informed agent"
RF-1144,SafarNama Travel,DEL-KUL,22900,20-05-2026,20-05-2026,Closed,Vikram T.,Portal,refund given
rf-1314,Nomad Travel,DEL-DXB,18500,29-04-2026,08-05-2026,Working,Priya S.,Portal,closed as per policy
RF-1109,Voyage Desk,BLR-DXB,27700,11-03-2026,16-03-2026,Closed,Sneha R.,Portal,closed - agent informed
RF-1334,GoFly Holidays,DEL-BOM,6500,14/02/26,21/02/26,Closed,Priya S.,Portal,customer notified
RF-1703,Skyline Travels,DEL-BOM,6700,24-02-2026,04-03-2026,Closed,Vikram T.,Email,refund given
RF-1178,Coral Voyages,DEL-KUL,22300,03-03-2026,07-03-2026,Closed,Sneha R.,Portal,refund given
RF-1151,GoFly Holidays,BLR-DXB,27800,27-02-2026,05-03-2026,Closed,Rakesh N.,Portal,done
RF-1847,BlueJet Tours,BOM-DXB,24500,08-04-2026,16-04-2026,Closed,Rakesh N.,Email,customer notified
RF-1519,Pinnacle Getaways,DEL-KUL,29700,28-02-2026,09-03-2026,Closed,Priya S.,Portal,customer notified
RF-1542,TripHub,DEL-CCU,4500,25-06-2026,30-06-2026,Closed,Faizan K.,Portal,"refund processed, informed agent"
RF-1643,SafarNama Travel,DEL-DXB,9500,08-04-2026,15-04-2026,Closed,Vikram T.,Phone,"refund processed, informed agent"
RF-1065,BlueJet Tours,COK-DXB,14300,10/05/26,22-05-2026,Closed,Aditi M.,WhatsApp,refund given
RF-1720,Lotus Travel Co,BOM-BKK,15300,16-05-2026,27-05-2026,Closed,Aditi M.,Phone,done
RF-1645,BlueJet Tours,DEL-DXB,26400,25-04-2026,28-04-2026,Closed,Rakesh N.,Phone,refund given
RF-1325,GoFly Holidays,BLR-MAA,,10-02-2026,15-02-2026,Closed,Rakesh N.,Phone,refund given
RF-1035,Nomad Travel,BLR-DXB,12300,27-05-2026,04-06-2026,Closed,Faizan K.,Phone,refund given
RF-1266,TripHub,COK-DXB,16000,06-05-2026,06-05-2026,Closed,Priya S.,Phone,refund given
RF-1267,TripHub,BLR-MAA,6400,27-05-2026,02-06-2026,Closed,Rakesh N.,Portal,amount credited as per process
RF-1432,Global Wings,PNQ-DEL,10800,26-04-2026,01-05-2026,Closed,Sneha R.,Phone,amount credited as per process
RF-1296,Skyline Travels,BLR-DXB,20900,15-03-2026,26-03-2026,Closed,Faizan K.,WhatsApp,amount credited as per process
RF-1840,GoFly Holidays,DEL-DXB,27600,08-03-2026,18-03-2026,Closed,Rakesh N.,Email,"refund processed, informed agent"
RF-1536,DeccanFly,BOM-BKK,29400,19-05-2026,29-05-2026,Not Eligible,Rakesh N.,Portal,past cancellation window
RF-1410,Sunrise Trips,BLR-MAA,8300,19-05-2026,25-05-2026,Closed,Aditi M.,WhatsApp,refund given
RF-1201,Anand Travels,DEL-BOM,4500,09-06-2026,10-06-2026,Closed  ,Rakesh N.,Email,"refund processed, informed agent"
RF-1608,TripHub,DEL-DXB,26700,07-04-2026,18-04-2026,Closed,Rakesh N.,,refund given
RF-1114,Peak Journeys,DEL-KTM,17200,24-05-2026,31-05-2026,Closed,Aditi M.,Portal,amount credited as per process
RF-1589,Nomad Travel,HYD-BKK,14500,14-02-2026,01-03-2026,Not Eligible,Rakesh N.,Email,non-refundable fare
RF-1820,Himalaya Holidays,DEL-DXB,15800,02-02-2026,09-02-2026,Closed,Rakesh N.,WhatsApp,closed - agent informed
RF-1321,Wander Agency,BLR-DXB,30500,03-05-2026,20-05-2026,Closed,Sneha R.,Phone,"refund processed, informed agent"
RF-1773,DeccanFly,BLR-DXB,11900,01-05-2026,10-05-2026,Not Eligible,Vikram T.,WhatsApp,past cancellation window
RF-1223,Kaveri Tours,BOM-BKK,23600,18-04-2026,24-04-2026,Closed,Priya S.,Portal,done
RF-1735,TripHub,DEL-CCU,8800,25/04/26,01-05-2026,Closed,Aditi M.,Phone,"refund processed, informed agent"
RF-1663,Metro Yatra,DEL-BOM,12800,27-06-2026,30-06-2026,Working,Aditi M.,Portal,with finance team
RF-1195,Peak Journeys,DEL-KUL,,25-05-2026,03-06-2026,Not Eligible,Rakesh N.,WhatsApp,non-refundable fare
RF-1122,Wander Agency,DEL-KUL,32200,04-06-2026,13-06-2026,Escalated  ,Rakesh N.,,escalated to finance
RF-1443,BlueJet Tours,HYD-DEL,11900,09-02-2026,15-02-2026,Closed,Vikram T.,Email,amount credited as per process
RF-1591 ,Lotus Travel Co,GOI-BOM,6400,29-06-2026,30-06-2026,Working,Aditi M.,Portal,with finance team
RF-1231,Skyline Travels,GOI-BOM,6800,17-05-2026,25-05-2026,Closed,Rakesh N.,Email,refund given
RF-1421,BlueJet Tours,DEL-KUL,23000,03-02-2026,12-02-2026,Closed,Aditi M.,Portal,refund given
RF-1848,Metro Yatra,CCU-BOM,11900,28-02-2026,06-03-2026,Closed,Faizan K.,Phone,amount credited as per process
RF-1241,GoFly Holidays,CCU-BOM,13900,13-02-2026,14-02-2026,Closed,Sneha R.,Phone,"refund processed, informed agent"
RF-1005,Voyage Desk,DEL-DXB,28700,13-03-2026,18-03-2026,Closed,Priya S.,Phone,refund given
RF-1091,SafarNama Travel,GOI-BOM,,06-02-2026,08-02-2026,Closed,Rakesh N.,Email,done
RF-1336,TripHub,DEL-KUL,23300,29-05-2026,29-05-2026,Closed,Aditi M.,Phone,"refund processed, informed agent"
RF-1082,Voyage Desk,BOM-BKK,22500,09-06-2026,21-06-2026,Not Eligible,Priya S.,Portal,past cancellation window
RF-1038,Wander Agency,DEL-BOM,12400,18-03-2026,24-03-2026,Closed,Vikram T.,Portal,customer notified
RF-1077,GoFly Holidays,DEL-DXB,26400,13-03-2026,20-03-2026,Closed,Sneha R.,Portal,amount credited as per process
RF-1212,Metro Yatra,HYD-DEL,12400,15-06-2026,24-06-2026,Closed,Faizan K.,Portal,customer notified
RF-1723,SafarNama Travel,DEL-BOM,8000,17-04-2026,23-04-2026,Closed,Priya S.,Portal,customer notified
RF-1566,Skyline Travels,BLR-MAA,9500,22-05-2026,25-05-2026,Closed,Rakesh N.,Phone,"refund processed, informed agent"
RF-1479,SafarNama Travel,DEL-BOM,6500,23-06-2026,25-06-2026,Closed,Faizan K.,WhatsApp,done
RF-1251,Wander Agency,DEL-DXB,11800,19-04-2026,25-04-2026,Closed,Priya S.,WhatsApp,done
RF-1413,Skyline Travels,DEL-SIN,34600,04-06-2026,04-06-2026,Closed,Rakesh N.,Phone,"refund processed, informed agent"
RF-1222,TripHub,DEL-BOM,9400,29-06-2026,30-06-2026,Working,Rakesh N.,Email,pending confirmation
RF-1602,SafarNama Travel,BOM-BKK,12400,08-06-2026,18-06-2026,Closed,Aditi M.,Phone,closed - agent informed
RF-1468,Voyage Desk,DEL-DXB,27700,06-05-2026,17-05-2026,Closed,Rakesh N.,Phone,refund given
rf-1489,Nomad Travel,DEL-KTM,11000,05-03-2026,15/03/26,Closed,Aditi M.,Portal,closed - agent informed
RF-1418, Orbit Travels,DEL-CCU,6300,02/05/26,02-05-2026,Closed,Vikram T.,Portal,"refund processed, informed agent"
RF-1483,BlueJet Tours,DEL-DXB,29100,20-03-2026,30-03-2026,Closed,Faizan K.,Email,done
RF-1399,Wander Agency,CCU-BOM,6100,26-02-2026,04-03-2026,Closed,Rakesh N.,Portal,refund given
RF-1615,Sunrise Trips,DEL-CCU,12200,08-03-2026,11/03/26,Closed,Faizan K.,Phone,refund given
RF-1065,BlueJet Tours,COK-DXB,14300,10/05/26,22-05-2026,Closed,Aditi M.,WhatsApp,refund given
RF-1858,Metro Yatra,AMD-BOM,9300,11-04-2026,14-04-2026,Closed,Rakesh N.,Phone,done
RF-1520,Nomad Travel,DEL-DXB,20000,25-02-2026,04-03-2026,Closed,Aditi M.,,closed - agent informed
RF-1369,Yatri Junction,DEL-KTM,8700,24-06-2026,30-06-2026,Escalated,Priya S.,Portal,escalated to finance
RF-1030 ,Voyage Desk,AMD-BOM,5300,24-06-2026,29-06-2026,Working,Aditi M.,Email,awaiting approval
RF-1815,TripHub,DEL-BOM,10300,20-04-2026,26-04-2026,Closed,Priya S.,Email,refund given
RF-1340,Orbit Travels,PNQ-DEL,4300,11-06-2026,22-06-2026,Closed,Rakesh N.,Portal,"refund processed, informed agent"
RF-1200,Peak Journeys,CCU-BOM,12900,29-05-2026,07-06-2026,Closed,Priya S.,Portal,closed - agent informed
RF-1126,METRO YATRA,GOI-BOM,3900,24-02-2026,05-03-2026,Closed,Faizan K.,Portal,refund given
RF-1563,Orbit Travels,BLR-MAA,7500,11-06-2026,22-06-2026,Closed,Vikram T.,Phone,customer notified
RF-1033,Skyline Travels,HYD-DEL,8100,05-04-2026,10-04-2026,Closed,Faizan K.,WhatsApp,"refund processed, informed agent"
RF-1664, Voyage Desk,DEL-BOM,6700,01-05-2026,11-05-2026,Closed,Priya S.,Portal,customer notified
RF-1534,Orbit Travels,DEL-DXB,10400,31/05/26,11-06-2026,Not Eligible,Sneha R.,Portal,outside policy
RF-1628,Skyline Travels,COK-DXB,27000,23-03-2026,29-03-2026,Closed,Priya S.,Portal,closed - agent informed
RF-1515,Metro Yatra,DEL-DXB,17000,24-04-2026,29-04-2026,Closed,Vikram T.,Phone,closed - agent informed
RF-1152,BlueJet Tours,DEL-DXB,25000,01-06-2026,24-06-2026,Closed,Vikram T.,Email,amount credited as per process
RF-1562,Nomad Travel,BOM-BKK,26800,18-03-2026,26-03-2026,Closed,Priya S.,Portal,"refund processed, informed agent"
RF-1494,BlueJet Tours,BLR-DXB,10800,05-03-2026,13-03-2026,Closed,Sneha R.,Email,refund given
RF-1047,Peak Journeys,BOM-BKK,26300,11-02-2026,18-02-2026,Closed,Vikram T.,Portal,closed - agent informed
RF-1540,Kaveri Tours,BLR-MAA,5700,08-02-2026,19-02-2026,Closed,Vikram T.,Phone,amount credited as per process
RF-1583,Anand Travels,DEL-BOM,11700,09-03-2026,15-03-2026,Closed,Priya S.,Portal,customer notified
RF-1803,TripHub,DEL-CCU,11700,02-04-2026,12-04-2026,Closed,Vikram T.,Portal,customer notified
RF-1254,TripHub,GOI-BOM,8200,04-02-2026,08-02-2026,Closed,Faizan K.,Portal,refund given
RF-1533,Metro Yatra,GOI-BOM,,21-05-2026,23-05-2026,Closed,Rakesh N.,Phone,customer notified
RF-1221,Kaveri Tours,DEL-BOM,11600,05-06-2026,14-06-2026,Closed,Faizan K.,Email,closed - agent informed
RF-1107,Peak Journeys,BLR-DXB,31700,25-06-2026,30-06-2026,Escalated,Aditi M.,WhatsApp,under review
RF-1009,Voyage Desk,CCU-BOM,5300,08/03/26,12/03/26,Closed,Aditi M.,Portal,closed - agent informed
RF-1177,Pinnacle Getaways,DEL-KUL,13300,22-03-2026,01-04-2026,Closed,Rakesh N.,Email,amount credited as per process
RF-1017,SafarNama Travel,AMD-BOM,8000,11-03-2026,17/03/26,Closed,Priya S.,Phone,refund given
RF-1165,Orbit Travels,DEL-BOM,10300,15-04-2026,23-04-2026,Closed,Faizan K.,Email,"refund processed, informed agent"
RF-1115,GoFly Holidays,CCU-BOM,12600,08-04-2026,16-04-2026,Closed,Priya S.,Email,refund given
RF-1817,TripHub,PNQ-DEL,9800,28-02-2026,08-03-2026,Working,Priya S.,Phone,closed as per policy
RF-1411,Peak Journeys,CCU-BOM,6200,23-05-2026,26-05-2026,Closed,Rakesh N.,Email,"refund processed, informed agent"
RF-1134,GoFly Holidays,DEL-BOM,8300,16-06-2026,16-06-2026,Closed,Priya S.,WhatsApp,done
RF-1635,Wander Agency,CCU-BOM,14800,02-04-2026,10-04-2026,Closed,Rakesh N.,Email,customer notified
RF-1478,BLUEJET TOURS,DEL-BOM,6000,01-06-2026,11-06-2026,Closed,Faizan K.,Email,done
RF-1081,Metro Yatra,DEL-DXB,29000,22-03-2026,25-03-2026,Closed,Vikram T.,Email,done
RF-1751,GoFly Holidays,HYD-DEL,7000,28-05-2026,04-06-2026,Closed,Vikram T.,Portal,amount credited as per process
RF-1526,BlueJet Tours,DEL-KUL,26600,13-05-2026,05-06-2026,Closed,Aditi M.,Portal,refund given
RF-1016,SafarNama Travel,BLR-DXB,27300,02/06/26,10-06-2026,Not Eligible,Vikram T.,Portal,non-refundable fare
RF-1535,Sunrise Trips,BOM-BKK,22000,09-05-2026,24-05-2026,Closed,Sneha R.,Phone,closed - agent informed
RF-1158,Kaveri Tours,DEL-SIN,39400,02-02-2026,13-02-2026,Closed,Sneha R.,Portal,done
RF-1516,GoFly Holidays,BLR-DXB,27100,29-06-2026,30-06-2026,Closed,Priya S.,Portal,refund given
RF-1559,Metro Yatra,BOM-DXB,14700,27-02-2026,08-03-2026,Closed,Rakesh N.,Portal,closed - agent informed
RF-1225,Voyage Desk,BOM-BKK,19800,03-05-2026,15-05-2026,Closed,Aditi M.,WhatsApp,closed - agent informed
RF-1188,TripHub,MAA-CMB,10400,31-05-2026,05-06-2026,Closed,Faizan K.,,customer notified
RF-1028,BLUEJET TOURS,DEL-DXB,11700,24-05-2026,03-06-2026,Closed,Sneha R.,,customer notified
RF-1383,Orbit Travels,BLR-DXB,19100,03/04/26,11/04/26,Closed,Aditi M.,Portal,refund given
RF-1518,Lotus Travel Co,DEL-BOM,4900,29-03-2026,06-04-2026,Closed,Sneha R.,Email,amount credited as per process
RF-1702,Wander Agency,HYD-BKK,32200,08-05-2026,05-06-2026,Closed,Aditi M.,Portal,done
RF-1121,Global Wings,BLR-MAA,,07-02-2026,16-02-2026,Closed,Vikram T.,Email,closed - agent informed
RF-1400,Wander Agency,DEL-CCU,12300,08-02-2026,17-02-2026,Closed,Rakesh N.,Email,amount credited as per process
RF-1776,Lotus Travel Co,BLR-MAA,4100,19-05-2026,28-05-2026,Closed,Vikram T.,Portal,informed agent
RF-1344,Himalaya Holidays,BLR-DXB,19900,23-04-2026,01/05/26,Not Eligible,Priya S.,Portal,non-refundable fare
RF-1368,TripHub,DEL-BOM,14200,30-03-2026,07-04-2026,Closed,Faizan K.,Email,done
RF-1441,Voyage Desk,HYD-BKK,18600,26-06-2026,30-06-2026,Working  ,Faizan K.,WhatsApp,escalated to finance
RF-1504,Nomad Travel,DEL-SIN,15200,17/06/26,23-06-2026,Working,Faizan K.,Phone,checking with finance
RF-1064,Orbit Travels,DEL-KTM,17700,28-05-2026,29-05-2026,Closed,Vikram T.,Portal,customer notified
RF-1055,Sunrise Trips,HYD-DEL,5800,19-04-2026,26-04-2026,Closed,Rakesh N.,Portal,"refund processed, informed agent"
RF 1531,BlueJet Tours,BLR-MAA,8900,17-03-2026,23-03-2026,Closed,Rakesh N.,Portal,refund given
RF-1758,Yatri Junction,DEL-CCU,12000,22-03-2026,31/03/26,Closed,Rakesh N.,Phone,closed - agent informed
RF-1437,himalaya holidays,DEL-DXB,26400,03-03-2026,14-03-2026,Closed  ,Aditi M.,Portal,customer notified
RF-1717, Lotus Travel Co,AMD-BOM,7500,11-06-2026,25-06-2026,Closed,Faizan K.,Phone,closed - agent informed
RF-1348, Himalaya Holidays,GOI-BOM,5700,22-05-2026,29-05-2026,Closed,Aditi M.,Portal,"refund processed, informed agent"
RF-1345,BlueJet Tours,DEL-CCU,5600,01-02-2026,06-02-2026,Closed,Rakesh N.,Phone,closed - agent informed
RF-1308,BlueJet Tours,HYD-BKK,33000,02-03-2026,14-03-2026,Closed,Aditi M.,Phone,"refund processed, informed agent"
RF-1737,Wander Agency,PNQ-DEL,4900,24-06-2026,30-06-2026,Closed,Rakesh N.,Portal,amount credited as per process
RF-1007,TripHub,DEL-DXB,21400,01-04-2026,08-04-2026,Closed,Aditi M.,Phone,done
RF-1137,BlueJet Tours,MAA-CMB,10900,10-02-2026,19-02-2026,Closed,Rakesh N.,Portal,amount credited as per process
RF-1080,Lotus Travel Co,BLR-DXB,19300,12-05-2026,17-05-2026,Closed,Vikram T.,Phone,refund given
RF-1020,BlueJet Tours,AMD-BOM,7700,02-04-2026,10-04-2026,Closed,Rakesh N.,Portal,"refund processed, informed agent"
RF-1359,ZipTrip,COK-DXB,15600,08-02-2026,13-02-2026,Working,Vikram T.,Portal,done
RF-1424,Nomad Travel,DEL-DXB,14700,20-03-2026,26-03-2026,Closed,Faizan K.,Portal,amount credited as per process
RF-1739, TripHub,COK-DXB,17200,10-06-2026,16-06-2026,Not Eligible,Aditi M.,Portal,past cancellation window
RF-1179,GoFly Holidays,CCU-BOM,12600,23-04-2026,02-05-2026,Closed,Rakesh N.,Phone,customer notified
RF-1392,Skyline Travels,DEL-KUL,23300,07-05-2026,15-05-2026,Closed,Priya S.,Portal,informed agent
RF-1026,BlueJet Tours,DEL-CCU,6800,11-02-2026,16-02-2026,Closed,Aditi M.,Portal,done
RF-1482,TripHub,DEL-DXB,21000,09-06-2026,29-06-2026,Escalated,Priya S.,WhatsApp,waiting on supplier
RF-1003,Orbit Travels,BLR-DXB,17800,10-02-2026,15-02-2026,Closed,Faizan K.,Phone,customer notified
RF-1713,TripHub,DEL-SIN,39900,17-06-2026,30-06-2026,Escalated,Faizan K.,Portal,with finance team
RF-1234,Skyline Travels,AMD-BOM,4000,03/06/26,06-06-2026,Closed,Priya S.,Phone,done
RF-1328,Wander Agency,HYD-DEL,6000,23-04-2026,29-04-2026,Closed,Sneha R.,Portal,amount credited as per process
RF 1113,Nomad Travel,DEL-SIN,38800,25-06-2026,30-06-2026,Working,Faizan K.,Portal,pending confirmation
RF-1611,TripHub,HYD-DEL,11900,22-05-2026,02-06-2026,Closed,Priya S.,Portal,closed - agent informed
RF-1490,Metro Yatra,HYD-DEL,7700,10-06-2026,13-06-2026,Closed,Aditi M.,Phone,"refund processed, informed agent"
RF-1056,GoFly Holidays,CCU-BOM,11400,30-03-2026,03-04-2026,Closed,Rakesh N.,Phone,done
RF-1288,Sunrise Trips,MAA-CMB,12800,10-04-2026,19/04/26,Closed,Priya S.,Portal,customer notified
RF-1092,Wander Agency,HYD-DEL,7500,25-05-2026,04-06-2026,Closed,Aditi M.,Portal,customer notified
RF-1185,Skyline Travels,DEL-DXB,14400,26-03-2026,04-04-2026,Closed,Aditi M.,Portal,customer notified
RF-1652,Wander Agency,MAA-CMB,17000,18-05-2026,24-05-2026,Closed,Rakesh N.,Portal,closed - agent informed
RF-1253,Wander Agency,AMD-BOM,7300,01-02-2026,06-02-2026,Closed,Vikram T.,Portal,done
RF-1733,BlueJet Tours,DEL-BOM,11900,06-06-2026,08-06-2026,Closed,Vikram T.,Portal,customer notified
RF-1466,Coral Voyages,BLR-DXB,25500,10-05-2026,09-06-2026,Closed,Priya S.,Portal,"refund processed, informed agent"
RF-1066,safarnama travel,HYD-BKK,25700,25-02-2026,05-03-2026,Closed  ,Rakesh N.,,customer notified
RF-1630,TripHub,DEL-BOM,10700,07-03-2026,11-03-2026,Closed,Vikram T.,Portal,"refund processed, informed agent"
RF-1728,gofly holidays,PNQ-DEL,6500,21-05-2026,28-05-2026,Closed,Aditi M.,Portal,customer notified
RF-1299,Metro Yatra,BOM-DXB,16100,13-06-2026,21-06-2026,Closed,Priya S.,Portal,amount credited as per process
RF-1809,Metro Yatra,GOI-BOM,5200,10-06-2026,12-06-2026,Closed,Vikram T.,Email,customer notified
RF-1481,GoFly Holidays,MAA-CMB,15800,19-02-2026,26-02-2026,Closed,Sneha R.,Email,closed - agent informed
RF-1736,Pinnacle Getaways,MAA-CMB,9800,30-06-2026,30-06-2026,Working,Priya S.,Email,waiting on supplier
RF-1845,GoFly Holidays,PNQ-DEL,10100,02-04-2026,12-04-2026,Closed,Sneha R.,Portal,amount credited as per process
RF-1855,Himalaya Holidays,DEL-CCU,11400,25-03-2026,03-04-2026,Closed,Faizan K.,Phone,done
RF-1181,Pinnacle Getaways,GOI-BOM,8300,05-06-2026,14-06-2026,Working,Priya S.,Portal,amount credited as per process
RF-1125,Global Wings,MAA-CMB,6800,30-04-2026,09-05-2026,Closed,Aditi M.,Email,done
RF-1374,Voyage Desk,CCU-BOM,8500,28-02-2026,07-03-2026,Closed,Priya S.,Portal,done
RF-1183,Global Wings,DEL-BOM,8700,25-05-2026,27-05-2026,Closed,Vikram T.,Portal,"refund processed, informed agent"
RF-1610,TripHub,HYD-DEL,10100,04-02-2026,11-02-2026,Closed,Priya S.,Email,refund given
RF-1404,Voyage Desk,DEL-DXB,18600,09-04-2026,16-04-2026,Closed,Faizan K.,Portal,amount credited as per process
RF-1493,Nomad Travel,DEL-DXB,17300,19-05-2026,26-05-2026,Closed,,Phone,refund given
RF 1433,Skyline Travels,HYD-BKK,21600,19-04-2026,27-04-2026,Closed,Faizan K.,Portal,amount credited as per process
RF-1435,Anand Travels,HYD-DEL,13600,27-02-2026,06-03-2026,Closed,Aditi M.,Portal,closed - agent informed
RF-1731,Wander Agency,DEL-CCU,6200,06/03/26,13-03-2026,Closed,Aditi M.,Email,done
RF-1191,Peak Journeys,HYD-BKK,28200,12-04-2026,23-04-2026,Closed,Faizan K.,Portal,done
RF-1505 ,BlueJet Tours,DEL-CCU,11200,22-05-2026,02-06-2026,Closed,Vikram T.,Phone,"refund processed, informed agent"
RF-1444,GoFly Holidays,DEL-DXB,13600,19-06-2026,21-06-2026,Closed,Rakesh N.,WhatsApp,customer notified
RF-1436,BlueJet Tours,GOI-BOM,4900,11-06-2026,21-06-2026,Closed,Priya S.,Portal,amount credited as per process
RF-1398,Pinnacle Getaways,CCU-BOM,,20-04-2026,26-04-2026,Closed,Faizan K.,Email,done
RF-1832,Nomad Travel,DEL-KTM,17200,17-06-2026,29-06-2026,Closed,Rakesh N.,WhatsApp,done
RF-1749,Anand Travels,COK-DXB,26300,14-05-2026,05-06-2026,Closed,Sneha R.,Email,"refund processed, informed agent"
RF-1042,Metro  Yatra,BLR-DXB,11800,10-02-2026,11-02-2026,Closed,Rakesh N.,Phone,refund given
RF 1403,Peak Journeys,DEL-BOM,11000,19-02-2026,26-02-2026,Closed,Vikram T.,Portal,closed - agent informed
RF-1658,Pinnacle Getaways,DEL-BOM,10300,11-04-2026,18-04-2026,Closed,Aditi M.,Portal,done
RF-1473,Wander Agency,BLR-DXB,13400,12/03/26,16-03-2026,Closed,Priya S.,Email,done
RF-1649,Orbit Travels,DEL-KUL,16500,20-02-2026,28-02-2026,Closed,Vikram T.,,refund given
RF-1721,Kaveri Tours,DEL-SIN,16500,13-05-2026,23-05-2026,Closed,Rakesh N.,Portal,"refund processed, informed agent"
RF-1458,Skyline Travels,DEL-DXB,22400,18-06-2026,20-06-2026,Closed,Sneha R.,WhatsApp,refund given
RF-1119,GoFly Holidays,COK-DXB,24000,07-04-2026,14-04-2026,Closed,Rakesh N.,Email,closed - agent informed
RF-1756,Peak Journeys,DEL-CCU,7500,04-03-2026,14-03-2026,Closed,Rakesh N.,Portal,"refund processed, informed agent"
RF-1375,DeccanFly,PNQ-DEL,8900,08-06-2026,18/06/26,Not Eligible,Faizan K.,Portal,"no-show, not eligible"
RF-1548,Metro Yatra,DEL-BOM,6700,26-06-2026,30-06-2026,Working,Sneha R.,WhatsApp,with finance team
RF-1846,BlueJet Tours,DEL-BOM,13200,15-02-2026,25-02-2026,Closed,Faizan K.,WhatsApp,"refund processed, informed agent"
RF-1250,Kaveri Tours,DEL-CCU,12400,03-04-2026,09-04-2026,Closed,Vikram T.,Email,customer notified
RF-1332,Nomad Travel,BOM-DXB,14100,27-02-2026,06-03-2026,Closed,Rakesh N.,Portal,amount credited as per process
RF-1724,TripHub,DEL-DXB,29600,07-05-2026,24-05-2026,Closed,Vikram T.,Phone,closed - agent informed
RF-1637,Metro Yatra,HYD-BKK,33400,10-02-2026,16-02-2026,Closed,Aditi M.,Portal,customer notified
RF-1673,Nomad Travel,CCU-BOM,,09-06-2026,12-06-2026,Closed,Rakesh N.,Portal,"refund processed, informed agent"
RF-1768,SafarNama Travel,HYD-BKK,29900,16-05-2026,05-06-2026,Closed,Aditi M.,,customer notified
RF-1660,GoFly Holidays,CCU-BOM,13700,20-02-2026,28-02-2026,Closed,Faizan K.,Email,refund given
RF-1577,DeccanFly,DEL-KUL,34700,22-05-2026,23-05-2026,Closed,Rakesh N.,Portal,done
RF-1363,Metro Yatra,DEL-KTM,15000,30-04-2026,09-05-2026,Closed,Priya S.,Portal,"refund processed, informed agent"
RF 1257,Skyline Travels,DEL-DXB,27100,15-02-2026,26-02-2026,Closed,,WhatsApp,amount credited as per process
rf-1101,GoFly Holidays,MAA-CMB,9700,02-04-2026,10-04-2026,Closed,Vikram T.,Portal,customer notified
RF-1032,Metro Yatra,DEL-CCU,9100,08-06-2026,15-06-2026,Closed,Faizan K.,Portal,refund given
RF-1452,Pinnacle Getaways,DEL-BOM,13700,18-05-2026,27/05/26,Closed,Faizan K.,Portal,"refund processed, informed agent"
RF-1459,BlueJet Tours,DEL-DXB,13200,26-03-2026,03-04-2026,Closed,,WhatsApp,done
RF-1385,Coral Voyages,CCU-BOM,9600,07-06-2026,09/06/26,Closed,Faizan K.,WhatsApp,refund given
RF-1558,Peak Journeys,DEL-BOM,9000,24-05-2026,26-05-2026,Closed,Priya S.,Portal,customer notified
RF-1281,Voyage Desk,DEL-BOM,13900,29-06-2026,30-06-2026,Escalated,Priya S.,Portal,with finance team
RF-1167,Kaveri Tours,CCU-BOM,10200,15-05-2026,22-05-2026,Closed,Sneha R.,Portal,"refund processed, informed agent"
RF-1409,Nomad Travel,MAA-CMB,7000,09-03-2026,18-03-2026,Closed,Faizan K.,Portal,"refund processed, informed agent"
RF-1153,Metro Yatra,BOM-DXB,19100,23-05-2026,01-06-2026,Closed,Faizan K.,Portal,amount credited as per process
RF-1049,BlueJet Tours,DEL-SIN,41700,07-04-2026,16-04-2026,Closed,Faizan K.,Portal,refund given
RF-1100,TripHub,PNQ-DEL,9700,07-05-2026,15-05-2026,Closed,Aditi M.,Phone,done
RF-1655,Yatri Junction,DEL-KTM,8200,28/06/26,30-06-2026,Closed,Rakesh N.,WhatsApp,refund given
RF-1586,Metro Yatra,PNQ-DEL,9700,26-04-2026,05-05-2026,Closed,Priya S.,,closed - agent informed
RF-1193,Wander Agency,AMD-BOM,6100,31/03/26,07-04-2026,Not Eligible,Rakesh N.,Phone,non-refundable fare
RF-1506,Nomad Travel,BOM-DXB,,01/03/26,12-03-2026,Closed,Priya S.,Portal,"refund processed, informed agent"
RF-1648,Orbit Travels,DEL-BOM,8500,01-04-2026,06-04-2026,Closed,Priya S.,Phone,refund given
RF-1046,SafarNama Travel,HYD-DEL,9500,01/04/26,11-04-2026,Closed,Rakesh N.,Portal,refund given
RF-1656,Orbit Travels,DEL-CCU,6600,27-03-2026,04-04-2026,Closed,Faizan K.,Email,amount credited as per process
RF-1567,Coral Voyages,DEL-BOM,4800,06-05-2026,09-05-2026,Closed,Aditi M.,Portal,customer notified
RF-1350,Himalaya Holidays,HYD-BKK,20100,09-03-2026,15-03-2026,Closed,Rakesh N.,Phone,done
RF-1178,Coral Voyages,DEL-KUL,22300,03-03-2026,07-03-2026,Closed,Sneha R.,Portal,refund given
RF-1765,Metro Yatra,CCU-BOM,8400,27-05-2026,03-06-2026,Closed,Faizan K.,Portal,refund given
RF-1445,Global Wings,BOM-DXB,12800,03-03-2026,06-03-2026,Closed  ,Vikram T.,Email,refund given
RF-1497,Nomad Travel,HYD-DEL,9400,27-04-2026,03-05-2026,Closed,Sneha R.,Phone,customer notified
RF-1819,peak journeys,MAA-CMB,12200,27-06-2026,30-06-2026,Working,Rakesh N.,Email,pending confirmation
RF-1072,Kaveri Tours,COK-DXB,13200,28-02-2026,06-03-2026,Closed,Vikram T.,WhatsApp,refund given
RF-1537,Sunrise Trips,HYD-BKK,32600,02-06-2026,14-06-2026,Working,Rakesh N.,Portal,waiting on supplier
RF-1763,SafarNama Travel ,DEL-DXB,28600,21-04-2026,27-04-2026,Closed,Faizan K.,Portal,customer notified
RF-1169,Peak Journeys,BOM-BKK,24000,23/06/26,28/06/26,Escalated,Sneha R.,Portal,under review
RF-1141,TripHub,BOM-BKK,33500,21-06-2026,28-06-2026,Working,Rakesh N.,Portal,checking with finance
RF-1058,Metro Yatra,BOM-DXB,28200,08-05-2026,06-06-2026,Closed,Rakesh N.,Portal,amount credited as per process
RF-1695,Peak Journeys,COK-DXB,15900,21-04-2026,02-05-2026,Closed,Sneha R.,Phone,"refund processed, informed agent"
RF-1704,GoFly Holidays,DEL-KUL,31300,20-04-2026,21-04-2026,Closed,Rakesh N.,Portal,"refund processed, informed agent"
RF-1239,TripHub,BLR-DXB,14200,24-05-2026,31-05-2026,Closed,Priya S.,Portal,customer notified
RF-1259,BlueJet Tours,COK-DXB,26200,08-06-2026,14-06-2026,Closed,Rakesh N.,WhatsApp,refund given
RF-1039,Peak Journeys,DEL-DXB,12900,29-04-2026,04-05-2026,Closed,Priya S.,Email,closed - agent informed
RF-1753,DeccanFly,DEL-DXB,17000,30-04-2026,08-05-2026,Closed,Rakesh N.,Email,amount credited as per process
RF-1396,Kaveri Tours,DEL-DXB,21200,05-04-2026,14-04-2026,Closed,Faizan K.,Phone,done
RF-1812,ZipTrip,DEL-SIN,35900,07-06-2026,14-06-2026,Escalated,Rakesh N.,Email,waiting on supplier
RF-1440,Voyage Desk,MAA-CMB,16100,10-04-2026,14/04/26,Closed,Priya S.,Email,amount credited as per process
RF-1381 ,Nomad Travel,HYD-DEL,6200,21-06-2026,24-06-2026,Escalated,Sneha R.,Portal,escalated to finance
RF-1074,BlueJet Tours,HYD-DEL,5900,29-06-2026,30-06-2026,Working,Priya S.,WhatsApp,escalated to finance
RF-1829,Metro Yatra,DEL-KTM,10900,17-04-2026,24-04-2026,Closed,Priya S.,Portal,refund given
RF-1679,Nomad Travel,DEL-KUL,23100,01-03-2026,04/03/26,Not Eligible,Faizan K.,Portal,outside policy
RF-1529,TripHub,HYD-BKK,28600,18-02-2026,26-02-2026,Closed,Aditi M.,Portal,refund given
RF-1661,Lotus Travel Co,DEL-KUL,24100,02-05-2026,17-05-2026,Closed,Sneha R.,Phone,done
RF-1261,TripHub,BLR-MAA,7600,02-05-2026,09-05-2026,Closed,Aditi M.,Portal,done
RF-1551,Peak Journeys,HYD-BKK,33900,11-05-2026,27-05-2026,Closed,Priya S.,Portal,done
RF-1822,GoFly Holidays,DEL-DXB,16900,25-03-2026,02-04-2026,Closed,Rakesh N.,Email,closed - agent informed
RF-1674,GoFly Holidays,COK-DXB,27900,07-02-2026,13-02-2026,Closed,Faizan K.,Portal,refund given
RF-1554,Peak Journeys,HYD-DEL,7600,22-04-2026,28-04-2026,Closed,Sneha R.,Email,refund given
RF-1722,Orbit  Travels,BOM-BKK,25800,25-06-2026,30-06-2026,Escalated,Aditi M.,Portal,under review
RF-1771,Kaveri Tours,DEL-KUL,31100,24-02-2026,06-03-2026,Closed,Aditi M.,Portal,done
RF-1197,GoFly Holidays,BOM-DXB,17700,04-05-2026,11-05-2026,Closed,Vikram T.,Phone,"refund processed, informed agent"
RF-1365,ZipTrip,BLR-DXB,13900,02-03-2026,11-03-2026,Closed,Vikram T.,Portal,done
RF-1816,TripHub,HYD-BKK,27900,31-05-2026,03-06-2026,Closed,Rakesh N.,Email,done
RF-1317,Nomad Travel,DEL-DXB,18500,03-04-2026,07-04-2026,Closed,,Email,done
RF-1292,Voyage Desk,DEL-KUL,23100,27-06-2026,30-06-2026,Working,Faizan K.,Portal,escalated to finance
RF 1079, SafarNama Travel,DEL-DXB,28800,09-02-2026,13-02-2026,Closed,Aditi M.,Portal,done
RF-1048,Lotus Travel Co,DEL-BOM,5000,27/04/26,05-05-2026,Closed,Vikram T.,Portal,refund given
RF-1034,Himalaya Holidays,DEL-CCU,7400,18-02-2026,21-02-2026,Closed,Rakesh N.,Portal,refund given
RF-1698,TripHub,BLR-MAA,7500,01-04-2026,07-04-2026,Closed,Rakesh N.,WhatsApp,refund given
RF-1078,TripHub,PNQ-DEL,10000,29-04-2026,08-05-2026,Closed,Priya S.,Portal,customer notified
RF-1143,SafarNama Travel,BOM-BKK,14800,02-03-2026,11-03-2026,Closed,Priya S.,Phone,closed - agent informed
RF-1712,Anand Travels,DEL-DXB,18700,24-03-2026,01-04-2026,Closed,Aditi M.,Portal,amount credited as per process
RF-1136,TripHub,CCU-BOM,11200,26-03-2026,31-03-2026,Closed,Priya S.,Phone,amount credited as per process
RF-1784,Metro Yatra,BLR-MAA,8700,02-04-2026,09-04-2026,Closed,Sneha R.,Phone,closed - agent informed
RF-1368,TripHub,DEL-BOM,13700,30-03-2026,07-04-2026,Closed,Faizan K.,Email,done
RF-1467, GoFly Holidays,DEL-SIN,19900,12-06-2026,21-06-2026,Closed,Faizan K.,Portal,"refund processed, informed agent"
RF-1001,Skyline Travels,BOM-BKK,29100,08-06-2026,16-06-2026,Escalated,Faizan K.,Portal,under review
RF-1484,BlueJet Tours,DEL-BOM,7400,10-03-2026,20-03-2026,Closed,Faizan K.,Portal,customer notified
RF-1692,Anand Travels,DEL-BOM,4800,23-03-2026,01-04-2026,Closed,Faizan K.,,closed - agent informed
RF-1338,GoFly Holidays,DEL-SIN,37600,12-03-2026,16-03-2026,Closed,Aditi M.,Portal,refund given
RF-1584,TripHub,CCU-BOM,6400,15-04-2026,25-04-2026,Closed,Rakesh N.,Portal,"refund processed, informed agent"
RF-1438,Anand Travels,BLR-MAA,9300,25-03-2026,02-04-2026,Closed,Rakesh N.,Email,done
RF-1600,Voyage Desk,MAA-CMB,14900,14-03-2026,22-03-2026,Closed,Aditi M.,Portal,closed - agent informed
RF-1847,BlueJet Tours,BOM-DXB,23500,08-04-2026,16-04-2026,Closed,Rakesh N.,Email,customer notified
RF-1294,Himalaya Holidays,BLR-DXB,26300,05-04-2026,10-04-2026,Closed,Rakesh N.,Portal,closed - agent informed
RF-1823,SafarNama Travel,BLR-MAA,4300,15-03-2026,27-03-2026,Not Eligible,Faizan K.,Phone,non-refundable fare
RF-1633,BlueJet Tours,DEL-DXB,12700,19-02-2026,27-02-2026,Closed,Priya S.,Email,refund given
RF-1238,DeccanFly,BOM-BKK,21400,14-03-2026,22/03/26,Closed,Priya S.,Portal,done
RF-1284,BlueJet Tours,DEL-CCU,9900,04/03/26,10/03/26,Closed,Priya S.,Portal,refund given
RF-1614,Metro Yatra,DEL-SIN,20500,02-05-2026,08-05-2026,Not Eligible,Vikram T.,Phone,past cancellation window
RF-1774,Pinnacle Getaways,BLR-MAA,10100,04-06-2026,13-06-2026,Closed,Faizan K.,Phone,customer notified
RF-1768,SafarNama Travel,HYD-BKK,29900,16-05-2026,05-06-2026,Closed,Aditi M.,,customer notified
RF-1734,Wander Agency,MAA-CMB,15500,04-03-2026,10-03-2026,Closed,Faizan K.,Portal,done
RF-1063,Voyage Desk,DEL-KUL,25700,07-06-2026,21-06-2026,Working,Vikram T.,Portal,escalated to finance
RF-1787,Peak Journeys,BLR-DXB,14000,21-03-2026,26-03-2026,Closed,Rakesh N.,Portal,amount credited as per process
RF-1303,Nomad Travel,HYD-DEL,5100,22-04-2026,30-04-2026,Closed,Priya S.,Email,customer notified
RF-1022,TripHub,HYD-BKK,23900,21-02-2026,05-03-2026,Closed,Aditi M.,Portal,closed - agent informed
RF-1430,Himalaya Holidays,CCU-BOM,6100,23-06-2026,30-06-2026,Escalated,Priya S.,Portal,escalated to finance
RF-1190,Pinnacle Getaways,GOI-BOM,8800,18-04-2026,20-04-2026,Closed,Rakesh N.,Portal,done
RF-1285,BlueJet Tours,BOM-DXB,12100,11-06-2026,12-06-2026,Closed,Rakesh N.,Portal,done
RF-1355,Peak Journeys,DEL-KTM,8700,14-05-2026,23-05-2026,Closed,Rakesh N.,Portal,refund given
RF-1588,Wander Agency,HYD-DEL,9400,26-04-2026,04-05-2026,Closed,Priya S.,Email,amount credited as per process
RF-1240,Peak Journeys,DEL-BOM,7700,03-02-2026,10-02-2026,Closed,Faizan K.,Portal,"refund processed, informed agent"
RF-1025,SafarNama Travel,DEL-BOM,11600,20-03-2026,29-03-2026,Closed,Priya S.,Email,customer notified
RF-1521,GoFly Holidays,DEL-KTM,14000,22-03-2026,02-04-2026,Closed,Aditi M.,Portal,amount credited as per process
RF-1471,Metro Yatra,BLR-MAA,10500,17-03-2026,23-03-2026,Closed,Rakesh N.,Phone,amount credited as per process
RF-1530,GoFly Holidays,PNQ-DEL,8700,10-06-2026,21-06-2026,Closed,Rakesh N.,Email,amount credited as per process
RF-1807,Metro Yatra,BLR-DXB,19400,06-02-2026,16-02-2026,Closed,Aditi M.,Portal,amount credited as per process
RF-1187, TripHub,DEL-BOM,6300,24-06-2026,29-06-2026,Closed,Aditi M.,Phone,refund given
RF-1435,Anand Travels,HYD-DEL,13100,27-02-2026,06-03-2026,Closed,Aditi M.,Portal,closed - agent informed
rf-1043,Pinnacle Getaways,DEL-BOM,14000,30-06-2026,30-06-2026,Closed,Rakesh N.,Portal,refund given
RF-1402,BlueJet Tours,COK-DXB,23200,22-05-2026,20-06-2026,Closed,Aditi M.,Email,closed - agent informed
RF-1093,TripHub,DEL-BOM,9300,09-03-2026,19-03-2026,Closed,Vikram T.,WhatsApp,customer notified
RF-1108,Himalaya Holidays,DEL-KUL,30100,21-02-2026,01/03/26,Closed,Rakesh N.,Portal,closed - agent informed
RF-1550,SafarNama Travel,BLR-MAA,7700,28-06-2026,30-06-2026,Working,Vikram T.,Portal,pending confirmation
RF-1474,Kaveri Tours,BLR-MAA,5100,21-05-2026,31-05-2026,Closed,Aditi M.,Email,done
RF-1423,Metro Yatra,PNQ-DEL,5100,14-03-2026,19-03-2026,Closed,Priya S.,Portal,amount credited as per process
RF-1507,Skyline Travels,DEL-KTM,18000,08-06-2026,08-06-2026,Closed,Vikram T.,Portal,"refund processed, informed agent"
RF-1354,Pinnacle Getaways,AMD-BOM,6700,09-02-2026,17-02-2026,Closed,Faizan K.,Portal,customer notified
RF-1337,Pinnacle Getaways,HYD-DEL,12300,05-02-2026,15-02-2026,Closed,Aditi M.,Phone,customer notified
RF-1358,Nomad Travel,BLR-DXB,16600,13-04-2026,17-04-2026,Closed,Aditi M.,Portal,done
RF-1052,TripHub,COK-DXB,23200,26-03-2026,02-04-2026,Closed,Aditi M.,Phone,done
RF-1572,BlueJet Tours,GOI-BOM,3500,13-05-2026,26-05-2026,Not Eligible,Priya S.,Portal,past cancellation window
RF-1639,Global Wings,DEL-SIN,15200,01-04-2026,10-04-2026,Closed,Sneha R.,Phone,closed - agent informed
rf-1553,GoFly Holidays,BLR-MAA,6200,22-04-2026,26-04-2026,Closed,Rakesh N.,Portal,amount credited as per process
RF-1766,Wander Agency,AMD-BOM,6100,14-04-2026,17-04-2026,Closed,Faizan K.,WhatsApp,done
RF-1781,Anand Travels,BLR-DXB,18700,09-03-2026,14-03-2026,Closed,Priya S.,Phone,refund given
RF-1738,TripHub,BOM-BKK,31400,02-04-2026,08-04-2026,Closed,Sneha R.,,closed - agent informed
RF-1012,BlueJet Tours,DEL-DXB,18100,04-02-2026,13-02-2026,Closed,Priya S.,Portal,refund given
RF 1349,Nomad Travel,DEL-BOM,11200,15-05-2026,22/05/26,Closed,Aditi M.,Portal,done
RF-1835,Global Wings,DEL-SIN,37900,07-05-2026,09-06-2026,Closed,Priya S.,Phone,"refund processed, informed agent"
RF-1347,Kaveri Tours,AMD-BOM,9400,18-03-2026,23-03-2026,Closed,Sneha R.,Phone,"refund processed, informed agent"
RF-1393,DeccanFly,BLR-DXB,20900,20-02-2026,28-02-2026,Closed,Vikram T.,Portal,amount credited as per process
RF-1053,Voyage Desk,AMD-BOM,8100,14-06-2026,26-06-2026,Closed,Vikram T.,Portal,refund given
RF-1132,TripHub,DEL-BOM,10200,04/02/26,11-02-2026,Closed,Rakesh N.,Phone,customer notified
RF-1228,Peak Journeys,DEL-DXB,14300,06/02/26,10/02/26,Closed,Aditi M.,Portal,"refund processed, informed agent"
RF-1275,Nomad Travel,COK-DXB,25100,27-06-2026,30-06-2026,Working,Aditi M.,Email,waiting on supplier
RF-1761,Global  Wings,DEL-SIN,24800,15-02-2026,24-02-2026,Closed,,Email,done
RF-1456,GoFly Holidays,DEL-BOM,5100,22-05-2026,26-05-2026,Closed,Aditi M.,WhatsApp,refund given
RF-1499,Peak Journeys,BLR-DXB,18300,29-05-2026,29-05-2026,Closed,Faizan K.,Portal,done
RF-1206,BlueJet Tours,DEL-BOM,5500,19-02-2026,25-02-2026,Closed,Priya S.,Portal,done
RF-1352,Wander Agency,PNQ-DEL,12100,02-03-2026,10-03-2026,Closed,Faizan K.,Email,done
RF-1525,GoFly Holidays,DEL-KTM,12900,13-06-2026,21-06-2026,Closed,Sneha R.,Portal,refund given
RF-1105,GoFly Holidays,BLR-DXB,12800,11-04-2026,21-04-2026,Closed,Priya S.,Phone,done
RF-1232,GoFly Holidays,DEL-KTM,8800,22-04-2026,30-04-2026,Closed,Faizan K.,WhatsApp,customer notified
RF-1752,GoFly Holidays,COK-DXB,16000,26-05-2026,07-06-2026,Closed,Vikram T.,Email,customer notified
RF-1427,Yatri Junction,DEL-KTM,7700,07-02-2026,11-02-2026,Closed,Rakesh N.,Portal,amount credited as per process
RF-1732,Metro Yatra,DEL-DXB,12400,20-02-2026,27-02-2026,Closed,Sneha R.,Portal,"refund processed, informed agent"
RF-1782,TripHub,DEL-SIN,34300,13-06-2026,30-06-2026,Working,Faizan K.,WhatsApp,awaiting approval
RF-1705,Wander Agency,HYD-BKK,30700,28-04-2026,05-05-2026,Closed,Priya S.,Email,done
RF-1687,GoFly Holidays,DEL-KTM,18000,09-04-2026,15-04-2026,Closed,Priya S.,Email,closed - agent informed
RF-1260,Nomad Travel,DEL-BOM,9500,04-06-2026,07-06-2026,Closed,Vikram T.,Email,"refund processed, informed agent"
RF-1801,Voyage Desk,GOI-BOM,6900,04-02-2026,09-02-2026,Closed,Sneha R.,Portal,refund given
RF-1041,GoFly Holidays,PNQ-DEL,7000,08-06-2026,20-06-2026,Closed,Aditi M.,Portal,"refund processed, informed agent"
RF-1690,Voyage Desk,CCU-BOM,5500,06/04/26,12-04-2026,Closed,Faizan K.,Portal,"refund processed, informed agent"
RF-1574,GoFly Holidays,DEL-CCU,12100,05-06-2026,12-06-2026,Closed,Priya S.,Email,done
RF-1366,TripHub,DEL-CCU,9000,05-06-2026,19/06/26,Closed,Faizan K.,Phone,amount credited as per process
RF-1008,Sunrise Trips,AMD-BOM,,27-02-2026,07/03/26,Closed,Aditi M.,,amount credited as per process
RF-1182,Himalaya Holidays,CCU-BOM,6000,21-05-2026,30-05-2026,Closed,Priya S.,Portal,customer notified
RF-1052,TripHub,COK-DXB,23200,26-03-2026,02-04-2026,Closed,Aditi M.,Phone,done
RF-1543,Yatri Junction ,DEL-KUL,26700,28-02-2026,05-03-2026,Closed,Priya S.,Phone,refund given
RF-1382,Wander Agency,DEL-KTM,16600,15-05-2026,25-05-2026,Closed,Priya S.,Portal,refund given
RF-1416,Wander Agency,DEL-DXB,24600,05-05-2026,21-05-2026,Closed,Aditi M.,Email,done
RF-1446,Orbit Travels,BLR-DXB,12900,12-06-2026,17-06-2026,Closed,Rakesh N.,Portal,done
RF-1310,SafarNama Travel,DEL-KUL,25500,21-03-2026,31-03-2026,Closed,Faizan K.,Phone,"refund processed, informed agent"
RF-1557,Yatri Junction,BLR-MAA,5500,19-04-2026,27-04-2026,Closed  ,Rakesh N.,Portal,customer notified
RF-1291,peak journeys,MAA-CMB,15500,25-03-2026,03-04-2026,Closed,Faizan K.,Portal,done
RF-1609,GoFly Holidays,DEL-KTM,9900,29-03-2026,05-04-2026,Closed,Sneha R.,Phone,done
RF-1439,BlueJet Tours,BLR-MAA,,10-04-2026,15-04-2026,Closed,Rakesh N.,Portal,amount credited as per process
RF-1805,Peak Journeys,DEL-DXB,11800,04-05-2026,13-05-2026,Closed,Sneha R.,Phone,refund given
RF-1174,Peak Journeys,BLR-MAA,5100,29-03-2026,06-04-2026,Closed,Aditi M.,Phone,done
RF-1120,Kaveri Tours,DEL-SIN,15900,07-06-2026,17-06-2026,Closed,Faizan K.,Email,customer notified
RF-1045,GoFly Holidays,CCU-BOM,10900,19-02-2026,26-02-2026,Closed,Faizan K.,Phone,"refund processed, informed agent"
RF-1131,GoFly Holidays ,AMD-BOM,7000,21-03-2026,25-03-2026,Closed,Aditi M.,Portal,refund given
RF-1036 ,Kaveri Tours,DEL-DXB,11300,26-04-2026,02-05-2026,Closed,Faizan K.,Phone,amount credited as per process
RF-1697,Voyage Desk,DEL-DXB,23200,15-04-2026,23-04-2026,Closed,Rakesh N.,Portal,amount credited as per process
RF-1211,Metro Yatra,HYD-BKK,25200,11-05-2026,03-06-2026,Closed,Aditi M.,Portal,refund given
RF-1154,Nomad Travel ,CCU-BOM,7500,28-04-2026,01-05-2026,Closed,Priya S.,Phone,customer notified
RF-1827,Global Wings,DEL-DXB,21100,18-04-2026,30-04-2026,Closed,Faizan K.,Portal,done
RF-1066,safarnama travel,HYD-BKK,25700,25-02-2026,05-03-2026,Closed  ,Rakesh N.,,customer notified
RF-1585,Wander Agency,COK-DXB,14100,30-03-2026,30-03-2026,Closed,Vikram T.,Portal,done
RF-1789,Orbit Travels,CCU-BOM,10900,18-06-2026,29-06-2026,Closed,Aditi M.,Portal,customer notified
RF-1408,Wander Agency,DEL-SIN,28300,17-04-2026,22-04-2026,Closed,Faizan K.,Portal,closed - agent informed
RF-1708,triphub,AMD-BOM,6200,23-06-2026,30-06-2026,Working,Sneha R.,Portal,waiting on supplier
RF 1301,BlueJet Tours,HYD-DEL,5000,17-03-2026,27-03-2026,Closed,Priya S.,Email,amount credited as per process
RF-1243,GoFly Holidays,DEL-BOM,9900,02-04-2026,08-04-2026,Closed,Rakesh N.,Phone,refund given
RF-1532,Orbit Travels,DEL-DXB,21800,05-05-2026,13-05-2026,Working,Vikram T.,Portal,informed agent
RF-1780,Wander Agency,HYD-BKK,12800,17/02/26,23-02-2026,Closed,Aditi M.,WhatsApp,customer notified
RF-1788,GOFLY HOLIDAYS,DEL-BOM,6800,06-06-2026,15-06-2026,Closed,Faizan K.,,customer notified
RF-1710,GoFly Holidays,PNQ-DEL,6300,04-02-2026,19-02-2026,Not Eligible,Faizan K.,Email,outside policy
RF-1451,Yatri Junction,COK-DXB,29400,29-05-2026,01-06-2026,Closed,Sneha R.,Portal,"refund processed, informed agent"
RF-1709,TripHub,DEL-CCU,7800,26-05-2026,04/06/26,Closed,Aditi M.,Portal,amount credited as per process
RF-1646,BlueJet Tours,CCU-BOM,14100,02-05-2026,09-05-2026,Closed,Priya S.,Portal,done
RF-1324,Nomad Travel,DEL-BOM,12400,14-04-2026,21-04-2026,Closed,Rakesh N.,Portal,refund given
RF-1173,Sunrise Trips,BOM-DXB,23600,28-02-2026,07-03-2026,Closed,Rakesh N.,Portal,done
RF-1621,Lotus Travel Co,DEL-SIN,27100,18-04-2026,27-04-2026,Closed,Aditi M.,Portal,amount credited as per process
RF 1831,Himalaya Holidays,CCU-BOM,11800,14-05-2026,21-05-2026,Closed,Priya S.,Portal,customer notified
RF-1258,Pinnacle Getaways,BLR-MAA,10100,25-02-2026,03-03-2026,Closed,Priya S.,Portal,customer notified
RF-1245,Sunrise Trips,HYD-BKK,15700,25-02-2026,04-03-2026,Working,Faizan K.,Portal,closed - agent informed
RF-1680,GoFly  Holidays,BOM-BKK,22500,01-03-2026,09-03-2026,Closed,Vikram T.,Portal,closed - agent informed
RF-1509,TripHub,GOI-BOM,4600,23/02/26,04-03-2026,Closed,Priya S.,Portal,closed - agent informed
RF-1170,Nomad Travel,BOM-BKK,35900,27-02-2026,07-03-2026,Closed,Faizan K.,Phone,customer notified
RF-1205,DeccanFly,HYD-BKK,,04-03-2026,11-03-2026,Closed,Vikram T.,Portal,"refund processed, informed agent"
RF-1777,GoFly Holidays,MAA-CMB,13400,23-03-2026,01-04-2026,Closed,Vikram T.,Phone,done
RF-1123,BlueJet Tours,BOM-BKK,25400,10-06-2026,25-06-2026,Closed,Priya S.,Email,refund given
RF-1745,BlueJet Tours,BOM-DXB,29100,10-06-2026,28-06-2026,Working,Faizan K.,Portal,waiting on supplier
RF-1513,TripHub,DEL-CCU,4700,19-05-2026,25-05-2026,Closed,Sneha R.,Portal,customer notified
RF-1511,Anand Travels,DEL-KUL,23300,07-06-2026,19-06-2026,Working,Vikram T.,Email,pending confirmation
RF-1290,Kaveri Tours,PNQ-DEL,12200,06-03-2026,13-03-2026,Closed,Aditi M.,Phone,customer notified
RF-1465,Wander Agency,DEL-KTM,11100,04-05-2026,12-05-2026,Closed,Rakesh N.,Portal,amount credited as per process
RF-1024,Peak Journeys,CCU-BOM,5300,02-02-2026,07-02-2026,Closed  ,Rakesh N.,Phone,closed - agent informed
RF-1770,GoFly Holidays,BOM-BKK,33100,17-06-2026,18-06-2026,Closed,Rakesh N.,Portal,"refund processed, informed agent"
RF-1117, Yatri Junction,BLR-DXB,23200,09-02-2026,17/02/26,Closed,Sneha R.,Portal,amount credited as per process
RF-1015,TripHub,DEL-KUL,15200,16-06-2026,29-06-2026,Closed,Rakesh N.,Portal,customer notified
RF-1094,Peak Journeys,DEL-KUL,30600,27-03-2026,04-04-2026,Closed,Sneha R.,Portal,refund given
RF-1004,Sunrise Trips,MAA-CMB,15900,09-06-2026,18-06-2026,Closed,Aditi M.,Portal,refund given
RF-1860,Sunrise Trips,DEL-DXB,20400,09-05-2026,12-05-2026,Closed,Rakesh N.,WhatsApp,refund given
RF-1391,GoFly Holidays,BOM-BKK,25600,22-02-2026,26-02-2026,Closed,Priya S.,Portal,done
RF-1693,TripHub,BOM-DXB,19000,10-02-2026,21-02-2026,Closed,Faizan K.,WhatsApp,customer notified
RF-1686,TripHub,HYD-BKK,26900,23-03-2026,31-03-2026,Closed,Priya S.,Portal,refund given
RF-1390,Metro Yatra,DEL-DXB,22300,27-05-2026,14-06-2026,Closed,Rakesh N.,Portal,amount credited as per process
RF-1560,TripHub,DEL-DXB,15000,22-06-2026,24-06-2026,Closed,Aditi M.,Portal,"refund processed, informed agent"
RF-1389,Orbit Travels,BLR-DXB,19000,10-02-2026,16-02-2026,Closed,Priya S.,Portal,closed - agent informed
RF-1833,GoFly Holidays,DEL-KUL,13800,11-02-2026,21-02-2026,Closed,Priya S.,Email,amount credited as per process
RF-1813,GoFly Holidays,CCU-BOM,9100,24-03-2026,01-04-2026,Closed,Faizan K.,Portal,done
RF-1406,Sunrise Trips,DEL-BOM,7600,24-04-2026,06-05-2026,Closed,Faizan K.,Phone,refund given
RF-1394,BlueJet Tours,DEL-KTM,11300,20-04-2026,26-04-2026,Closed,Faizan K.,Email,customer notified
RF-1638,Wander Agency,MAA-CMB,7400,22-05-2026,23-05-2026,Closed,Rakesh N.,Portal,refund given
RF-1235,TripHub,HYD-DEL,8600,24-06-2026,30-06-2026,Closed,,Portal,refund given
RF-1139,Nomad Travel,DEL-DXB,15900,06-05-2026,16-05-2026,Closed,Rakesh N.,Portal,refund given
RF-1626,Peak Journeys,BOM-BKK,28100,18-05-2026,07-06-2026,Closed,Faizan K.,Portal,refund given
RF 1672,TripHub,DEL-SIN,26400,14-05-2026,03/06/26,Closed,Vikram T.,Phone,done
RF-1684,Peak Journeys,BOM-BKK,13500,04-02-2026,12-02-2026,Closed,Faizan K.,Portal,closed - agent informed
RF-1359,ZipTrip,COK-DXB,15600,08-02-2026,13-02-2026,Closed,Vikram T.,Portal,done
RF-1592,BlueJet Tours,BLR-MAA,6400,12-03-2026,17-03-2026,Closed,Sneha R.,Phone,closed - agent informed
RF-1377,Voyage Desk,DEL-KUL,14100,30-05-2026,02-06-2026,Not Eligible,Priya S.,Portal,past cancellation window
RF-1578,Peak Journeys,HYD-DEL,6800,15-03-2026,24-03-2026,Closed,Rakesh N.,Portal,customer notified
RF-1447,Wander Agency,BOM-DXB,16900,19-05-2026,29-05-2026,Closed,Faizan K.,Email,done
RF-1217,Peak Journeys,CCU-BOM,9100,20-02-2026,28-02-2026,Closed,Aditi M.,Portal,refund given
RF-1691,BlueJet Tours,CCU-BOM,14500,07-04-2026,14-04-2026,Closed,Rakesh N.,Portal,done
RF-1485,Coral Voyages,GOI-BOM,5500,21-02-2026,25-02-2026,Closed,Sneha R.,Portal,closed - agent informed
RF-1799,Nomad Travel,DEL-CCU,5800,03-06-2026,12-06-2026,Closed,Faizan K.,Phone,amount credited as per process
RF-1037,BlueJet Tours,DEL-SIN,38500,28-03-2026,02-04-2026,Closed,Faizan K.,Portal,customer notified
RF-1517,Nomad Travel,PNQ-DEL,12100,13-02-2026,13-02-2026,Closed,Rakesh N.,Phone,customer notified
rf-1089,Sunrise Trips,DEL-SIN,31100,15-04-2026,25-04-2026,Closed,Aditi M.,Portal,refund given
RF-1189,BlueJet Tours,AMD-BOM,9300,03-04-2026,11-04-2026,Closed,Faizan K.,WhatsApp,customer notified
RF-1568, Wander Agency,BOM-BKK,29300,29-06-2026,30/06/26,Not Eligible,Sneha R.,WhatsApp,past cancellation window
RF-1748,Himalaya Holidays,BLR-MAA,3500,16-06-2026,25-06-2026,Closed,Aditi M.,Portal,closed - agent informed
RF-1370,GoFly Holidays,DEL-BOM,5700,31-03-2026,06-04-2026,Closed,Rakesh N.,Portal,refund given
RF-1367,BlueJet Tours,BLR-DXB,23200,05/02/26,16-02-2026,Closed,Rakesh N.,Email,customer notified
RF-1501,Peak Journeys,CCU-BOM,11500,29-04-2026,06-05-2026,Closed,Aditi M.,Portal,customer notified
RF-1457,GoFly Holidays,BLR-MAA,11000,04-06-2026,13-06-2026,Closed,Faizan K.,Email,"refund processed, informed agent"
RF-1678,Kaveri Tours,HYD-BKK,27700,06-02-2026,11-02-2026,Closed,Priya S.,WhatsApp,customer notified
RF-1719,BlueJet Tours,PNQ-DEL,7600,13-02-2026,18-02-2026,Closed,Faizan K.,Portal,closed - agent informed
RF-1264,Global Wings,BOM-BKK,24200,10/04/26,18-04-2026,Closed,Rakesh N.,Email,"refund processed, informed agent"
RF-1241,GoFly Holidays,CCU-BOM,14400,13-02-2026,14-02-2026,Closed,Sneha R.,Phone,"refund processed, informed agent"
RF-1395,Wander Agency,COK-DXB,24100,23/04/26,30-04-2026,Closed,Priya S.,Portal,customer notified
RF-1854,DeccanFly,COK-DXB,20600,23-06-2026,24-06-2026,Closed,Priya S.,Portal,refund given
RF-1361,Orbit Travels,DEL-BOM,8600,13-06-2026,18-06-2026,Closed,Sneha R.,Email,amount credited as per process
RF-1682,Voyage Desk,COK-DXB,15700,25-03-2026,28-03-2026,Closed,Priya S.,Phone,customer notified
RF-1834,Wander Agency,HYD-BKK,13300,09-04-2026,16-04-2026,Closed,Rakesh N.,Portal,done
rf-1213,Wander Agency,DEL-BOM,12100,05-05-2026,14-05-2026,Closed,Faizan K.,WhatsApp,done
RF-1644,Wander Agency,BOM-DXB,16600,11-05-2026,16-05-2026,Closed,Rakesh N.,Email,refund given
RF-1322,BlueJet Tours,PNQ-DEL,11800,03-04-2026,13-04-2026,Closed  ,Faizan K.,Portal,customer notified
RF-1118,Lotus Travel Co,BOM-DXB,14600,04-05-2026,05-05-2026,Closed,Rakesh N.,Phone,customer notified
RF-1590,Wander Agency,BLR-MAA,9300,21-02-2026,25-02-2026,Closed,Sneha R.,Portal,customer notified
RF-1634,Sunrise Trips,DEL-KTM,12400,30-04-2026,07-05-2026,Closed,Rakesh N.,Portal,done
RF-1450,Voyage Desk,BLR-MAA,7000,24-02-2026,01-03-2026,Closed,Aditi M.,,amount credited as per process
RF-1654,Wander Agency,BOM-BKK,17200,29-05-2026,31-05-2026,Closed,Rakesh N.,Portal,customer notified
RF-1806,TripHub,BLR-MAA,6700,17/04/26,23-04-2026,Closed,Aditi M.,Portal,refund given
RF-1300,Kaveri Tours,COK-DXB,12500,08-02-2026,14-02-2026,Closed,Rakesh N.,Email,done
RF-1623,BlueJet Tours,DEL-SIN,32000,11-04-2026,15-04-2026,Closed,Faizan K.,Email,closed - agent informed
RF-1491,Nomad Travel,GOI-BOM,5200,16-04-2026,23-04-2026,Closed,Faizan K.,Portal,done
RF-1087,Nomad Travel,BOM-DXB,27500,12-04-2026,19-04-2026,Closed,Priya S.,Email,"refund processed, informed agent"
RF-1671,Peak Journeys,BLR-DXB,23600,26-02-2026,07-03-2026,Not Eligible,Faizan K.,Portal,past cancellation window
RF-1245,Sunrise Trips,HYD-BKK,15700,25-02-2026,04-03-2026,Closed,Faizan K.,Portal,closed - agent informed
RF-1372,BlueJet Tours,DEL-CCU,10100,20-02-2026,27-02-2026,Closed,Priya S.,Email,refund given
RF-1102,BlueJet Tours,BOM-BKK,25400,13-03-2026,18-03-2026,Closed,Faizan K.,Portal,closed - agent informed
RF-1157,Skyline Travels,GOI-BOM,9100,07/05/26,13-05-2026,Closed,Vikram T.,Email,amount credited as per process
RF-1575,Voyage Desk,DEL-KTM,12600,28/02/26,07-03-2026,Closed,Rakesh N.,Portal,done
RF-1329,SafarNama Travel,BOM-DXB,10600,22-04-2026,27-04-2026,Closed,Vikram T.,WhatsApp,amount credited as per process
RF-1220 ,Yatri Junction,DEL-DXB,16200,17-03-2026,21-03-2026,Closed,Faizan K.,Phone,amount credited as per process
RF-1607,GOFLY HOLIDAYS,DEL-BOM,11700,03/03/26,11-03-2026,Closed,Vikram T.,Email,closed - agent informed
RF-1828,Voyage Desk,DEL-BOM,12500,15-02-2026,24-02-2026,Closed,Aditi M.,Portal,closed - agent informed
RF-1051,Sunrise Trips,BLR-DXB,24800,25-05-2026,17-06-2026,Closed,Priya S.,Phone,amount credited as per process
RF-1041,GoFly Holidays,PNQ-DEL,6500,08-06-2026,20-06-2026,Closed,Aditi M.,Portal,"refund processed, informed agent"
RF-1612,global wings,DEL-CCU,6800,23-06-2026,27-06-2026,Working,Aditi M.,Phone,under review
RF-1503,BlueJet Tours,HYD-DEL,9200,16-02-2026,25-02-2026,Closed,Vikram T.,Portal,amount credited as per process
RF-1150,Orbit Travels,MAA-CMB,7900,26-06-2026,30-06-2026,Closed,Sneha R.,Portal,"refund processed, informed agent"
RF-1010,BlueJet Tours,DEL-BOM,10000,26-06-2026,30-06-2026,Closed,Aditi M.,WhatsApp,refund given
RF-1564,TripHub,COK-DXB,19700,06-06-2026,06-06-2026,Closed,Aditi M.,WhatsApp,done
RF-1172,Sunrise Trips,DEL-DXB,25500,25-04-2026,01-05-2026,Closed,,Phone,closed - agent informed
RF-1794,Sunrise Trips,DEL-KTM,8700,15-06-2026,18-06-2026,Closed,Vikram T.,Portal,customer notified
RF-1565,Peak Journeys,MAA-CMB,12900,27-02-2026,08-03-2026,Closed,Vikram T.,Portal,closed - agent informed
RF-1287,Metro Yatra,CCU-BOM,11100,27-04-2026,06-05-2026,Closed,Vikram T.,Portal,refund given
RF-1289,DeccanFly,MAA-CMB,15400,17-02-2026,27-02-2026,Closed,Priya S.,Portal,amount credited as per process
RF-1636,TripHub,MAA-CMB,15100,23-04-2026,30-04-2026,Closed,Vikram T.,Portal,"refund processed, informed agent"
RF-1293,Nomad Travel,PNQ-DEL,8000,19-02-2026,24-02-2026,Closed,Faizan K.,Email,closed - agent informed
RF-1420,TripHub,DEL-BOM,13000,22-04-2026,29-04-2026,Closed,Vikram T.,Portal,checking with finance
RF-1783,Metro Yatra,DEL-CCU,5200,24-06-2026,30-06-2026,Not Eligible,Aditi M.,Email,non-refundable fare
RF-1453 ,GoFly Holidays,DEL-KUL,20500,26/04/26,04-05-2026,Closed,Priya S.,Portal,closed - agent informed
RF-1599,Skyline Travels,PNQ-DEL,11400,03-06-2026,09-06-2026,Closed,Rakesh N.,Portal,refund given
RF-1428,Kaveri Tours,BLR-DXB,17800,02-02-2026,14-02-2026,Closed,Faizan K.,Phone,done
RF-1859,Himalaya Holidays,BLR-DXB,28600,06-04-2026,17-04-2026,Closed,Aditi M.,Email,amount credited as per process
RF-1380,TripHub,CCU-BOM,11700,23-04-2026,01-05-2026,Closed,Rakesh N.,Phone,"refund processed, informed agent"
RF-1852,Metro Yatra,CCU-BOM,13000,23-03-2026,28-03-2026,Closed,Faizan K.,Portal,closed - agent informed